"Name","Team","ISO","BABIP","GB/FB","wOBA","wRC+","O-Swing%","Z-Swing%","Swing%","O-Contact%","Z-Contact%","Contact%","SwStr%","Pull%","Cent%","Oppo%","Soft%","Med%","Hard%","EV","LA","Barrel%","HardHit%","WAR","playerid"
"Mookie Betts","Red Sox",".294",".368","0.75",".449","185","19.8%","57.0%","35.6%","70.6%","93.0%","85.9%","5.0%","47.2%","34.8%","18.0%","12.2%","43.3%","44.5%","92.3","18.5","13.1%","50.2%","10.4","13611"
"Mike Trout","Angels",".316",".346","0.69",".447","190","21.8%","59.1%","37.6%","69.0%","91.7%","84.1%","6.0%","40.2%","37.3%","22.5%","16.0%","39.6%","44.4%","91.2","18.6","15.3%","46.0%","9.8","10155"
"J.D. Martinez","Red Sox",".299",".375","1.28",".427","170","33.2%","76.6%","50.4%","58.9%","83.4%","73.7%","13.3%","37.7%","30.9%","31.4%","10.9%","44.2%","44.9%","93.0","10.8","15.1%","52.3%","5.9","6184"
"Christian Yelich","Brewers",".272",".373","2.20",".422","166","27.7%","64.6%","44.0%","62.2%","88.1%","79.0%","9.2%","34.9%","38.1%","27.0%","14.5%","37.9%","47.6%","92.6","5.0","12.2%","50.8%","7.6","11477"
"Max Muncy","Dodgers",".319",".299","0.76",".407","162","21.5%","57.8%","37.0%","58.0%","80.4%","72.9%","10.0%","44.7%","31.2%","24.1%","12.4%","40.2%","47.4%","90.3","18.4","16.2%","45.9%","5.2","13301"
"Justin Turner","Dodgers",".205",".334","0.66",".396","154","25.8%","65.9%","43.3%","81.7%","92.0%","88.5%","5.0%","39.0%","31.6%","29.4%","10.9%","44.1%","45.0%","89.1","18.3","6.7%","36.7%","4.2","5235"
"Alex Bregman","Astros",".246",".289","0.80",".396","156","20.0%","60.5%","37.1%","79.1%","92.8%","88.5%","4.3%","48.4%","32.4%","19.1%","17.2%","47.5%","35.4%","89.4","16.8","7.4%","39.8%","7.6","17678"
"Juan Soto","Nationals",".225",".338","1.87",".392","145","21.9%","60.7%","38.8%","68.1%","85.7%","80.1%","7.7%","36.1%","36.4%","27.5%","20.3%","44.9%","34.8%","90.5","6.2","10.1%","42.1%","3.7","20123"
"Jose Ramirez","Indians",".282",".252","0.73",".391","146","22.3%","62.3%","38.5%","79.4%","92.1%","87.7%","4.7%","50.0%","30.2%","19.8%","18.3%","45.6%","36.1%","89.0","19.0","6.9%","34.5%","8.0","13510"
"Aaron Judge","Yankees",".249",".368","1.19",".391","150","25.1%","63.8%","40.3%","44.1%","79.1%","65.9%","13.7%","40.2%","31.2%","28.6%","13.5%","38.3%","48.1%","94.7","12.4","15.4%","54.1%","5.1","15640"
"Nolan Arenado","Rockies",".264",".314","1.03",".391","132","33.2%","73.3%","49.8%","66.2%","84.4%","77.3%","11.3%","39.8%","36.8%","23.4%","15.4%","41.7%","42.9%","89.8","15.3","7.2%","40.2%","5.7","9777"
"Paul Goldschmidt","Diamondbacks",".243",".359","1.06",".390","146","28.8%","62.4%","42.3%","66.7%","82.2%","75.9%","10.2%","37.9%","36.4%","25.7%","16.9%","36.9%","46.2%","90.8","15.6","13.1%","43.7%","5.2","9218"
"Shohei Ohtani","Angels",".279",".350","1.32",".390","151","32.3%","65.3%","45.7%","59.1%","80.6%","71.6%","13.0%","36.9%","37.3%","25.8%","10.2%","46.7%","43.1%","92.9","12.3","14.2%","50.0%","2.8","19755"
"Ronald Acuna Jr.","Braves",".259",".352","1.07",".388","143","27.5%","72.8%","46.0%","59.8%","82.7%","74.6%","11.7%","43.8%","36.1%","20.1%","13.7%","41.9%","44.4%","90.9","13.1","13.1%","46.6%","3.7","18401"
"Brandon Nimmo","Mets",".219",".351","1.35",".385","148","19.7%","63.6%","39.2%","57.5%","82.7%","75.6%","9.5%","44.7%","32.1%","23.2%","18.4%","44.4%","37.2%","89.9","10.7","5.5%","42.0%","4.5","12927"
"Trevor Story","Rockies",".276",".345","0.80",".384","128","32.2%","74.6%","50.3%","60.3%","87.2%","77.4%","11.4%","43.3%","34.3%","22.4%","15.9%","39.6%","44.5%","91.0","16.0","12.4%","45.6%","5.1","12564"
"Anthony Rendon","Nationals",".227",".323","0.75",".383","139","28.9%","70.1%","47.7%","78.5%","92.2%","87.7%","5.9%","40.2%","32.7%","27.0%","14.5%","47.7%","37.8%","90.7","17.9","9.5%","44.6%","6.2","12861"
"Steve Pearce","- - -",".228",".303","1.22",".382","140","24.3%","69.5%","43.0%","57.0%","87.7%","77.6%","9.6%","54.0%","29.0%","17.0%","16.5%","46.6%","36.9%","89.4","11.9","11.4%","39.2%","1.6","9957"
"Freddie Freeman","Braves",".196",".358","1.16",".378","137","34.5%","85.0%","55.6%","66.8%","84.0%","77.8%","12.4%","43.1%","31.1%","25.8%","11.0%","47.2%","41.9%","89.1","14.5","9.1%","39.8%","5.3","5361"
"Tyler White","Astros",".257",".307","0.91",".377","143","26.1%","62.8%","41.3%","72.0%","89.3%","82.9%","7.1%","42.0%","37.7%","20.4%","21.0%","46.3%","32.7%","89.0","17.0","9.3%","36.4%","1.5","15564"
"Manny Machado","- - -",".241",".304","0.95",".377","140","32.2%","73.5%","48.8%","65.8%","89.0%","79.8%","9.8%","38.1%","36.2%","25.7%","17.4%","43.9%","38.6%","91.6","14.4","10.1%","48.2%","6.2","11493"
"Eugenio Suarez","Reds",".243",".322","1.03",".376","135","25.9%","70.0%","44.6%","56.6%","87.4%","77.1%","10.2%","42.7%","35.8%","21.5%","8.4%","43.0%","48.6%","91.2","14.8","9.7%","45.5%","3.9","12552"
"Bryce Harper","Nationals",".247",".289","1.05",".376","134","26.1%","75.4%","45.4%","55.4%","79.6%","71.1%","13.1%","42.3%","29.5%","28.2%","11.8%","45.9%","42.3%","91.0","14.4","10.0%","45.1%","3.4","11579"
"Matt Carpenter","Cardinals",".266",".291","0.56",".375","140","21.0%","57.7%","37.0%","56.5%","87.1%","77.3%","8.4%","48.3%","29.3%","22.4%","9.3%","41.7%","49.0%","90.7","21.6","12.7%","44.5%","5.0","8090"
"Jesus Aguilar","Brewers",".264",".309","0.86",".374","134","35.6%","60.1%","45.5%","61.4%","82.4%","72.6%","12.5%","43.5%","33.4%","23.1%","15.3%","40.7%","44.0%","89.8","16.2","10.9%","42.6%","3.1","11342"
"Xander Bogaerts","Red Sox",".234",".317","1.22",".373","133","30.1%","61.3%","43.2%","65.8%","89.3%","79.8%","8.7%","43.4%","34.8%","21.8%","16.5%","45.6%","37.9%","90.6","12.6","9.4%","41.5%","4.9","12161"
"Joey Votto","Reds",".135",".333","1.21",".370","130","16.4%","68.6%","39.7%","78.4%","86.7%","84.8%","6.0%","35.3%","33.8%","30.9%","9.1%","49.9%","41.0%","88.1","13.4","6.7%","34.8%","3.5","4314"
"Matt Chapman","Athletics",".230",".338","1.03",".369","138","24.5%","64.0%","41.4%","63.8%","86.4%","78.7%","8.8%","40.4%","35.0%","24.6%","16.1%","40.7%","43.2%","93.1","14.9","8.2%","47.6%","6.6","16505"
"Francisco Lindor","Indians",".242",".279","0.98",".368","130","32.7%","67.9%","46.9%","74.5%","90.9%","84.1%","7.5%","40.4%","34.6%","25.0%","16.1%","42.3%","41.6%","90.6","14.7","9.1%","40.5%","7.6","12916"
"David Peralta","Diamondbacks",".223",".328","1.73",".368","131","31.8%","69.5%","48.0%","67.5%","84.7%","78.2%","10.5%","39.0%","34.7%","26.3%","16.4%","34.9%","48.6%","91.5","6.7","7.5%","45.7%","3.9","2136"
"Charlie Blackmon","Rockies",".211",".329","1.30",".368","117","31.8%","66.6%","47.4%","69.9%","89.3%","82.1%","8.5%","40.8%","37.0%","22.2%","16.0%","48.3%","35.8%","87.5","12.0","5.9%","35.2%","2.8","7859"
"Jeff McNeil","Mets",".142",".359","0.97",".368","137","35.3%","84.2%","56.0%","74.9%","90.9%","85.1%","8.4%","35.6%","35.1%","29.3%","22.0%","47.8%","30.2%","86.6","15.5","2.4%","28.8%","2.7","15362"
"Ji-Man Choi","- - -",".242",".315","1.23",".367","136","23.4%","65.3%","40.9%","51.2%","83.2%","72.5%","11.2%","41.6%","30.7%","27.7%","13.9%","42.3%","43.8%","90.3","13.8","11.7%","42.3%","1.1","5452"
"Mitch Haniger","Mariners",".208",".336","1.17",".367","137","25.9%","62.5%","41.8%","61.1%","87.1%","78.0%","9.2%","44.8%","36.7%","18.5%","16.0%","46.8%","37.1%","90.2","12.7","9.0%","42.9%","4.5","14274"
"Javier Baez","Cubs",".264",".347","1.41",".366","131","45.5%","78.0%","57.7%","54.9%","81.6%","68.5%","18.2%","40.5%","33.3%","26.1%","19.4%","44.8%","35.8%","90.6","9.6","11.3%","42.8%","5.3","12979"
"Jesse Winker","Reds",".132",".336","1.24",".366","127","22.2%","65.2%","40.8%","70.4%","92.4%","85.5%","5.9%","37.1%","37.1%","25.7%","11.8%","44.3%","43.9%","90.9","13.6","5.9%","42.2%","0.9","13590"
"Khris Davis","Athletics",".302",".261","0.72",".365","136","27.8%","78.4%","49.3%","49.1%","77.7%","68.5%","15.6%","35.8%","40.2%","24.0%","10.8%","43.9%","45.3%","92.5","18.1","16.7%","47.5%","2.7","9112"
"Robinson Cano","Mariners",".168",".329","1.63",".364","135","33.4%","68.3%","47.7%","69.0%","92.3%","82.6%","8.3%","34.7%","37.0%","28.3%","11.3%","47.2%","41.5%","93.1","8.3","7.5%","51.7%","2.9","3269"
"Jose Altuve","Astros",".135",".352","1.53",".363","134","33.3%","68.7%","47.3%","73.5%","91.0%","83.6%","7.8%","41.4%","38.6%","20.0%","16.6%","50.1%","33.3%","87.2","10.1","5.2%","33.8%","4.9","5417"
"Rhys Hoskins","Phillies",".251",".272","0.56",".363","128","22.8%","60.6%","39.1%","64.2%","87.4%","79.8%","7.9%","50.0%","31.1%","18.9%","19.9%","45.6%","34.5%","88.9","22.3","10.6%","38.9%","2.8","16472"
"Nicholas Castellanos","Tigers",".202",".361","0.99",".363","130","38.6%","78.8%","55.1%","52.5%","84.4%","71.2%","15.9%","44.9%","30.3%","24.8%","12.1%","40.0%","47.9%","89.6","15.2","10.6%","40.5%","3.0","11737"
"Scooter Gennett","Reds",".180",".358","1.11",".362","125","38.2%","73.1%","52.9%","75.3%","86.9%","82.0%","9.5%","40.5%","32.1%","27.4%","15.6%","45.6%","38.8%","87.3","14.0","5.1%","31.9%","4.5","10339"
"Wilson Ramos","- - -",".181",".353","2.23",".361","131","38.5%","79.0%","54.2%","64.9%","88.1%","78.1%","11.9%","40.1%","32.2%","27.6%","17.4%","43.4%","39.1%","91.3","4.4","6.3%","47.4%","2.2","1433"
"Miguel Andujar","Yankees",".230",".316","1.23",".361","130","39.4%","74.0%","53.1%","69.7%","91.8%","81.9%","9.6%","47.5%","29.2%","23.3%","19.4%","44.6%","36.0%","89.2","12.2","6.0%","36.5%","2.8","15878"
"Nelson Cruz","Mariners",".252",".264","1.14",".361","133","31.9%","69.7%","46.5%","51.1%","85.8%","71.1%","13.4%","40.8%","34.8%","24.5%","16.3%","41.5%","42.3%","93.9","12.8","13.5%","51.3%","2.5","2434"
"Aaron Hicks","Yankees",".219",".264","1.04",".360","129","20.9%","65.5%","39.6%","67.1%","82.7%","78.0%","8.7%","45.4%","36.9%","17.8%","18.6%","41.9%","39.5%","89.7","13.2","8.5%","43.0%","5.0","5297"
"Giancarlo Stanton","Yankees",".243",".333","1.23",".360","129","32.5%","65.3%","44.9%","52.2%","80.5%","67.8%","14.5%","38.9%","37.0%","24.0%","19.0%","38.7%","42.3%","93.7","11.6","14.7%","50.7%","4.3","4949"
"Franmil Reyes","Padres",".218",".345","1.65",".360","129","31.7%","69.1%","46.4%","54.3%","81.0%","69.9%","14.0%","33.7%","43.1%","23.2%","14.9%","40.9%","44.2%","92.2","6.8","9.9%","47.0%","1.2","14566"
"Lorenzo Cain","Brewers",".109",".357","2.37",".359","124","24.9%","64.7%","42.3%","69.1%","90.9%","83.7%","6.9%","29.8%","37.4%","32.9%","18.1%","43.6%","38.3%","89.1","4.9","2.7%","40.5%","5.7","9077"
"Michael Brantley","Indians",".160",".319","1.49",".359","124","27.1%","65.8%","44.1%","78.7%","97.3%","90.9%","4.0%","40.4%","36.8%","22.8%","12.2%","50.7%","37.1%","90.2","9.5","3.1%","37.1%","3.5","4106"
"Anthony Rizzo","Cubs",".187",".287","1.02",".359","125","32.8%","67.9%","47.5%","74.9%","91.9%","85.1%","7.1%","45.3%","34.5%","20.2%","16.6%","49.3%","34.1%","90.1","14.7","5.9%","40.4%","2.9","3473"
"Kris Bryant","Cubs",".188",".342","0.84",".359","125","29.9%","73.6%","48.7%","58.7%","84.2%","75.2%","12.1%","48.1%","31.9%","20.0%","18.9%","49.8%","31.2%","85.8","17.8","8.4%","33.3%","2.3","15429"
"Tommy Pham","- - -",".188",".342","1.71",".359","130","23.0%","61.2%","39.7%","54.8%","87.4%","76.8%","9.2%","37.8%","39.8%","22.4%","12.6%","38.9%","48.5%","92.9","6.6","9.5%","49.6%","4.1","2967"
"Adam Eaton","Nationals",".110",".364","1.80",".358","122","28.4%","60.6%","42.8%","72.8%","89.2%","83.2%","7.2%","31.9%","31.9%","36.2%","18.7%","48.6%","32.7%","87.7","9.0","3.1%","30.4%","1.9","11205"
"David Dahl","Rockies",".261",".311","1.04",".357","110","39.6%","77.0%","55.4%","62.4%","78.4%","71.8%","15.6%","45.4%","33.3%","21.3%","15.8%","46.4%","37.7%","88.7","14.3","7.1%","38.8%","1.0","13744"
"Andrew Benintendi","Red Sox",".174",".328","1.15",".357","122","28.4%","70.8%","45.9%","76.5%","87.5%","83.5%","7.6%","38.4%","33.4%","28.2%","13.7%","58.3%","28.0%","88.6","12.8","6.0%","33.2%","4.4","17901"
"David Freese","- - -",".175",".360","1.98",".357","126","27.5%","62.1%","42.9%","64.9%","82.9%","76.5%","10.1%","36.0%","33.6%","30.3%","16.1%","47.9%","36.0%","90.4","7.0","8.5%","45.0%","2.0","9549"
"Jose Martinez","Cardinals",".152",".351","1.67",".356","126","29.5%","63.8%","43.6%","68.6%","88.1%","80.3%","8.6%","32.4%","32.9%","34.7%","14.0%","45.5%","40.5%","91.0","8.1","9.0%","44.1%","2.4","7996"
"Shin-Soo Choo","Rangers",".170",".330","1.80",".355","117","23.9%","62.4%","40.6%","59.8%","82.1%","74.6%","10.3%","38.1%","35.1%","26.8%","14.5%","43.5%","42.0%","89.3","6.1","10.3%","40.0%","2.3","3174"
"Francisco Cervelli","Pirates",".172",".308","0.93",".355","124","21.5%","62.9%","39.4%","54.7%","86.9%","77.0%","9.1%","38.6%","34.6%","26.8%","15.7%","50.4%","33.9%","88.8","16.3","8.3%","39.8%","2.6","5275"
"Ben Zobrist","Cubs",".134",".331","1.59",".355","123","26.0%","59.6%","40.8%","76.8%","92.1%","86.6%","5.5%","47.1%","31.5%","21.3%","11.9%","52.6%","35.5%","89.9","9.0","2.7%","38.2%","3.6","7435"
"Jorge Soler","Royals",".202",".340","1.38",".354","123","28.8%","68.0%","43.8%","42.2%","80.4%","64.8%","15.4%","53.2%","26.9%","19.9%","17.3%","39.7%","42.9%","89.6","10.6","9.6%","41.0%","0.9","14221"
"Joc Pederson","Dodgers",".273",".253","0.90",".354","126","33.1%","62.6%","45.6%","66.9%","83.2%","76.4%","10.8%","42.7%","34.4%","22.9%","15.6%","42.4%","42.0%","91.5","15.8","7.6%","39.8%","2.7","11899"
"Daniel Robertson","Rays",".152",".328","1.67",".354","128","25.7%","59.3%","39.2%","58.3%","87.6%","76.1%","9.4%","41.5%","33.3%","25.1%","22.2%","43.0%","34.8%","86.6","7.7","4.8%","34.8%","2.4","14145"
"Gregory Polanco","Pirates",".245",".287","0.69",".353","123","28.5%","69.6%","45.0%","65.5%","86.1%","78.3%","9.8%","45.7%","34.6%","19.7%","20.0%","46.0%","34.0%","88.8","20.0","9.0%","37.3%","2.5","12907"
"J.T. Realmuto","Marlins",".208",".312","1.06",".353","126","29.9%","67.8%","47.0%","63.9%","86.9%","78.9%","9.9%","45.1%","35.3%","19.6%","18.0%","43.5%","38.5%","89.0","14.7","8.2%","40.6%","4.9","11739"
"Yasmani Grandal","Dodgers",".225",".278","0.98",".352","125","22.7%","57.9%","38.4%","59.0%","81.8%","74.4%","9.9%","48.3%","32.9%","18.8%","19.7%","39.5%","40.8%","88.9","14.1","11.0%","39.8%","4.7","11368"
"Ryan Zimmerman","Nationals",".222",".284","1.46",".351","118","28.8%","56.2%","40.4%","64.0%","88.3%","78.4%","8.7%","31.5%","42.6%","26.0%","17.0%","43.4%","39.6%","92.6","7.1","11.9%","52.8%","1.3","4220"
"Stephen Piscotty","Athletics",".223",".290","1.36",".351","126","37.7%","73.6%","53.3%","59.5%","87.1%","76.0%","12.8%","39.4%","36.8%","23.8%","12.8%","44.6%","42.6%","88.5","13.2","8.7%","38.4%","3.1","13367"
"Travis Shaw","Brewers",".239",".242","0.84",".351","119","28.8%","66.5%","44.4%","70.9%","87.9%","81.4%","8.2%","45.8%","32.5%","21.7%","19.9%","40.3%","39.8%","88.9","16.9","9.3%","38.0%","3.6","11982"
"Didi Gregorius","Yankees",".226",".259","0.93",".350","122","36.2%","74.7%","51.5%","71.0%","90.3%","82.1%","9.2%","40.4%","36.9%","22.7%","22.5%","41.6%","36.0%","87.0","16.0","4.0%","30.6%","4.7","6012"
"Whit Merrifield","Royals",".134",".352","0.99",".349","119","32.8%","67.7%","47.7%","73.1%","88.4%","82.3%","8.4%","33.7%","35.4%","31.0%","15.4%","47.7%","36.9%","87.0","16.9","4.2%","31.0%","5.2","11281"
"Gleyber Torres","Yankees",".209",".321","0.77",".349","122","34.4%","68.7%","48.4%","55.9%","81.8%","70.9%","14.1%","42.2%","32.7%","25.1%","14.0%","47.6%","38.4%","88.9","19.0","9.2%","36.8%","2.0","16997"
"Justin Smoak","Blue Jays",".216",".297","0.93",".349","121","24.6%","63.5%","40.3%","60.8%","85.5%","76.5%","9.5%","49.1%","29.5%","21.3%","14.5%","51.7%","33.8%","89.5","15.0","10.8%","41.8%","1.7","9054"
"Yasiel Puig","Dodgers",".227",".286","1.18",".349","123","31.1%","71.5%","47.8%","59.0%","89.8%","78.1%","10.5%","41.9%","35.0%","23.1%","24.1%","37.5%","38.4%","89.5","12.1","10.3%","40.3%","1.8","14225"
"Justin Upton","Angels",".206",".321","1.18",".348","123","24.9%","66.4%","42.6%","55.6%","79.5%","71.5%","12.1%","46.6%","32.5%","20.9%","16.8%","39.4%","43.8%","90.7","11.9","13.5%","47.4%","3.1","5222"
"Matt Kemp","Dodgers",".190",".339","0.92",".348","122","34.3%","73.7%","50.7%","60.7%","80.3%","72.6%","13.9%","42.1%","35.9%","22.0%","13.8%","42.7%","43.5%","89.7","15.9","10.5%","37.9%","1.6","5631"
"Omar Narvaez","White Sox",".154",".330","1.45",".348","122","23.4%","65.0%","42.6%","69.9%","89.0%","83.3%","7.1%","34.6%","37.3%","28.1%","18.0%","53.5%","28.6%","85.6","12.9","2.3%","24.4%","1.1","13338"
"Jed Lowrie","Athletics",".181",".304","0.76",".347","123","25.2%","73.6%","45.8%","67.5%","87.7%","81.3%","8.5%","42.3%","32.5%","25.3%","13.4%","46.5%","40.1%","89.2","17.4","5.5%","37.6%","5.0","4418"
"Andrew McCutchen","- - -",".169",".304","1.16",".347","121","19.3%","64.1%","39.8%","65.3%","84.5%","79.5%","8.2%","43.9%","36.4%","19.7%","13.5%","43.2%","43.4%","90.0","13.5","7.9%","41.5%","2.7","9847"
"C.J. Cron","Rays",".240",".293","1.04",".347","123","38.5%","70.4%","50.8%","61.4%","82.2%","72.6%","14.0%","45.4%","33.5%","21.1%","21.3%","39.1%","39.6%","88.0","15.2","11.9%","36.6%","2.2","12546"
"Johan Camargo","Braves",".185",".315","1.27",".346","116","36.0%","69.7%","49.5%","66.7%","81.8%","75.2%","12.3%","41.2%","33.4%","25.3%","18.7%","45.1%","36.2%","88.0","12.6","4.7%","33.7%","3.3","14950"
"Edwin Encarnacion","Indians",".228",".265","0.82",".346","115","29.0%","67.2%","44.6%","61.8%","84.4%","75.7%","10.8%","45.6%","31.5%","22.9%","15.2%","42.4%","42.4%","89.9","18.0","10.4%","40.4%","1.0","2151"
"Eduardo Escobar","- - -",".217",".308","0.75",".346","118","39.3%","72.8%","52.9%","69.0%","85.6%","78.3%","11.5%","40.0%","33.9%","26.1%","15.2%","46.7%","38.2%","86.5","18.9","7.8%","27.2%","3.6","6153"
"Cody Bellinger","Dodgers",".210",".313","0.99",".345","120","28.3%","66.9%","45.0%","62.3%","78.0%","72.4%","12.4%","45.2%","32.0%","22.7%","18.1%","41.8%","40.1%","89.8","16.2","8.6%","38.1%","3.6","15998"
"Josh Donaldson","- - -",".203",".302","1.36",".345","117","24.6%","66.9%","41.8%","52.7%","77.9%","69.1%","12.9%","40.3%","36.6%","23.1%","18.7%","40.3%","41.0%","90.2","11.6","8.2%","41.0%","1.3","5038"
"Nick Markakis","Braves",".143",".318","1.44",".345","115","22.9%","61.6%","40.4%","78.6%","93.3%","88.8%","4.5%","31.7%","39.1%","29.2%","13.8%","45.7%","40.6%","90.6","10.0","2.5%","41.5%","2.6","5930"
"Joey Gallo","Rangers",".292",".249","0.59",".343","108","32.2%","74.4%","48.3%","47.0%","72.0%","61.7%","18.5%","45.1%","31.4%","23.5%","12.6%","38.9%","48.5%","94.3","21.9","22.2%","49.1%","2.7","14128"
"Kyle Schwarber","Cubs",".229",".288","1.18",".343","115","25.2%","64.9%","41.4%","54.1%","82.1%","72.0%","11.6%","43.6%","33.3%","23.0%","16.8%","43.0%","40.2%","90.9","12.3","12.4%","45.0%","3.2","16478"
"Adam Frazier","Pirates",".179",".305","1.57",".343","116","27.5%","66.7%","45.0%","79.3%","91.4%","87.3%","5.7%","37.8%","34.8%","27.3%","15.4%","49.8%","34.8%","88.0","10.4","3.0%","30.7%","1.9","15223"
"Michael Conforto","Mets",".204",".289","1.20",".342","120","27.6%","65.1%","43.2%","58.7%","84.0%","74.5%","11.0%","43.0%","31.7%","25.3%","17.8%","46.4%","35.8%","88.1","12.3","8.5%","37.4%","3.0","16376"
"Mark Reynolds","Nationals",".228",".288","0.98",".342","112","26.0%","74.3%","46.3%","44.8%","76.3%","66.1%","15.7%","48.3%","33.8%","17.9%","17.2%","46.9%","35.9%","89.0","18.3","10.3%","39.3%","0.1","7619"
"Enrique Hernandez","Dodgers",".214",".266","0.85",".342","118","24.7%","68.4%","43.2%","64.8%","87.2%","79.8%","8.7%","43.2%","35.1%","21.6%","19.5%","45.0%","35.4%","89.0","16.2","6.6%","36.0%","3.2","10472"
"Curtis Granderson","- - -",".190",".311","0.86",".341","116","24.5%","58.9%","38.9%","58.6%","83.6%","74.5%","9.9%","52.7%","28.9%","18.4%","15.5%","47.3%","37.2%","88.7","16.9","4.6%","34.3%","0.9","4747"
"Jurickson Profar","Rangers",".204",".269","1.28",".341","107","33.3%","68.7%","48.4%","72.1%","89.4%","82.6%","8.4%","39.8%","33.0%","27.3%","20.2%","42.5%","37.3%","87.3","12.4","4.3%","31.8%","2.8","10815"
"Adalberto Mondesi","Royals",".222",".335","1.10",".341","114","37.1%","79.3%","54.9%","47.4%","79.5%","66.9%","18.1%","41.6%","40.6%","17.8%","17.8%","39.1%","43.1%","90.0","13.7","10.9%","36.6%","2.8","13769"
"Daniel Descalso","Diamondbacks",".198",".300","0.65",".341","113","23.0%","67.1%","42.4%","54.3%","83.7%","74.8%","10.7%","49.2%","29.3%","21.5%","15.9%","41.1%","43.1%","89.0","19.0","8.5%","34.4%","1.7","8392"
"Corey Dickerson","Pirates",".175",".333","1.07",".341","115","45.3%","79.5%","59.3%","73.8%","85.8%","80.4%","11.6%","31.1%","36.2%","32.7%","17.8%","48.1%","34.1%","87.9","15.1","5.4%","31.5%","2.7","10762"
"Eddie Rosario","Twins",".191",".316","0.81",".340","114","42.8%","78.5%","57.6%","69.8%","83.9%","77.8%","12.8%","43.4%","33.2%","23.4%","17.5%","46.1%","36.5%","87.7","17.8","7.2%","33.2%","3.5","12155"
"Randal Grichuk","Blue Jays",".257",".282","0.75",".340","115","35.8%","71.4%","50.6%","52.4%","83.0%","70.4%","15.0%","49.8%","26.9%","23.3%","21.6%","42.0%","36.4%","90.7","18.7","13.8%","43.0%","2.1","10243"
"Matt Olson","Athletics",".207",".292","0.83",".340","118","25.1%","69.6%","44.1%","67.2%","77.7%","74.3%","11.4%","42.0%","33.9%","24.1%","13.8%","38.9%","47.3%","93.3","18.1","11.5%","52.0%","3.5","14344"
"George Springer","Astros",".169",".303","1.43",".340","118","25.5%","68.5%","44.2%","63.7%","85.2%","78.2%","9.6%","39.8%","36.9%","23.3%","17.6%","48.9%","33.4%","88.6","9.6","8.9%","36.8%","2.9","12856"
"Elias Diaz","Pirates",".167",".302","1.26",".340","114","29.5%","69.2%","46.5%","61.6%","89.9%","79.6%","9.5%","37.7%","35.8%","26.5%","19.5%","44.2%","36.3%","89.6","10.4","6.0%","40.5%","1.8","11680"
"Mallex Smith","Rays",".110",".366","1.96",".339","118","29.6%","72.6%","48.9%","64.0%","82.9%","76.6%","11.5%","28.9%","37.9%","33.2%","19.2%","53.7%","27.1%","85.8","3.7","1.0%","23.0%","3.5","13608"
"Brock Holt","Red Sox",".134",".337","2.08",".338","109","20.8%","56.8%","37.5%","68.9%","92.0%","85.1%","5.6%","43.2%","31.6%","25.2%","18.8%","52.0%","29.2%","87.9","6.8","3.2%","30.8%","1.4","9345"
"Hunter Renfroe","Padres",".256",".271","0.88",".338","114","32.6%","67.2%","46.8%","60.3%","78.4%","70.9%","13.6%","48.8%","33.1%","18.1%","18.1%","34.8%","47.2%","89.9","18.4","11.0%","43.5%","1.6","15464"
"Carlos Gonzalez","Rockies",".190",".332","1.33",".338","97","35.3%","74.0%","50.2%","60.1%","81.8%","72.4%","13.8%","34.0%","39.4%","26.6%","21.2%","43.6%","35.1%","89.7","9.0","5.9%","39.1%","1.8","7287"
"Daniel Murphy","- - -",".155",".308","0.89",".338","110","34.0%","70.7%","50.7%","77.4%","93.7%","87.8%","6.2%","34.4%","29.6%","36.1%","12.7%","61.2%","26.1%","87.6","16.3","4.8%","28.5%","0.8","4316"
"A.J. Pollock","Diamondbacks",".228",".284","1.10",".338","111","33.6%","67.3%","48.1%","58.4%","90.6%","77.8%","10.7%","48.6%","32.7%","18.7%","11.2%","44.2%","44.5%","89.2","13.5","9.7%","40.5%","2.6","9256"
"Joey Wendle","Rays",".136",".353","1.43",".338","117","35.9%","62.7%","46.5%","70.2%","91.4%","81.5%","8.6%","36.0%","34.2%","29.8%","16.1%","46.9%","37.0%","88.8","10.7","2.7%","35.2%","3.8","13853"
"Scott Schebler","Reds",".184",".301","1.64",".337","108","35.0%","82.5%","54.7%","56.7%","79.0%","70.6%","16.1%","44.9%","34.6%","20.5%","15.9%","45.9%","38.2%","90.2","8.7","10.2%","42.4%","1.1","12225"
"Jose Abreu","White Sox",".208",".294","1.28",".337","115","37.2%","65.9%","49.0%","66.9%","86.9%","77.9%","10.8%","39.1%","39.9%","21.0%","17.2%","44.9%","37.9%","91.3","12.2","8.8%","45.2%","1.2","15676"
"Starling Marte","Pirates",".182",".312","1.57",".337","112","36.1%","77.2%","53.6%","60.8%","87.3%","77.1%","12.3%","40.3%","35.0%","24.7%","19.6%","46.9%","33.5%","88.4","8.8","7.3%","38.1%","3.7","9241"
"Jorge Polanco","Twins",".139",".345","0.94",".336","111","25.2%","62.8%","41.6%","71.4%","92.5%","85.3%","6.1%","38.3%","30.5%","31.3%","22.2%","45.7%","32.1%","85.8","17.8","2.9%","27.9%","1.4","13152"
"Josh Bell","Pirates",".150",".305","1.49",".336","111","26.7%","67.8%","42.9%","65.4%","84.5%","77.3%","9.7%","33.8%","37.6%","28.6%","19.2%","47.0%","33.8%","90.2","9.4","6.2%","38.8%","0.9","13145"
"Charlie Culberson","Braves",".196",".340","1.84",".335","108","39.0%","74.5%","53.4%","60.7%","78.8%","70.9%","15.5%","42.5%","31.6%","25.9%","21.7%","46.7%","31.6%","85.2","8.6","4.7%","30.7%","1.0","3298"
"Kurt Suzuki","Braves",".173",".275","0.86",".335","108","37.0%","74.3%","53.3%","70.9%","92.3%","83.9%","8.6%","52.6%","29.0%","18.4%","15.2%","46.1%","38.7%","87.2","18.2","3.2%","34.5%","1.0","8259"
"Chris Taylor","Dodgers",".190",".345","0.86",".335","113","25.8%","72.3%","47.4%","53.4%","78.5%","71.2%","13.7%","37.8%","34.3%","27.9%","13.3%","48.3%","38.4%","88.9","16.4","7.7%","37.6%","3.1","13757"
"Mark Canha","Athletics",".200",".282","0.95",".334","114","31.1%","61.0%","44.0%","73.4%","87.0%","81.5%","8.1%","44.8%","34.1%","21.1%","18.6%","44.1%","37.3%","87.0","15.5","8.6%","34.4%","2.1","11445"
"Matt Adams","- - -",".239",".245","0.78",".334","107","35.1%","72.3%","50.2%","62.2%","86.2%","76.3%","11.9%","48.1%","30.0%","21.9%","18.5%","42.5%","39.1%","88.7","19.0","9.9%","39.5%","0.8","9393"
"Chad Pinder","Athletics",".178",".325","1.18",".333","114","35.9%","77.5%","54.2%","60.7%","83.7%","75.2%","13.5%","37.7%","36.8%","25.5%","13.2%","40.6%","46.2%","91.3","14.0","12.3%","42.5%","1.8","15191"
"Robinson Chirinos","Rangers",".197",".304","0.61",".333","101","29.4%","65.3%","44.1%","54.3%","77.9%","68.6%","13.9%","49.5%","31.5%","18.9%","14.9%","41.0%","44.1%","88.0","21.9","10.4%","39.2%","0.3","3142"
"Carlos Santana","Phillies",".186",".231","0.92",".333","108","24.1%","65.5%","41.3%","74.2%","87.0%","82.6%","7.2%","48.0%","29.9%","22.1%","22.7%","44.4%","32.8%","88.9","15.2","6.7%","39.2%","1.8","2396"
"Brian Anderson","Marlins",".127",".332","1.82",".333","112","28.1%","68.6%","46.2%","65.0%","84.9%","78.2%","10.1%","38.4%","35.4%","26.1%","16.2%","45.6%","38.2%","90.2","8.7","5.6%","42.3%","3.4","18289"
"Robbie Grossman","Twins",".111",".329","1.04",".333","109","18.6%","63.7%","39.0%","61.3%","93.8%","85.4%","5.7%","36.6%","34.7%","28.8%","17.5%","50.9%","31.6%","87.1","15.1","1.9%","27.8%","0.8","5254"
"Jedd Gyorko","Cardinals",".154",".303","1.01",".333","111","29.9%","68.6%","46.2%","60.6%","84.1%","75.3%","11.4%","43.9%","33.1%","23.0%","16.2%","46.8%","37.1%","87.3","15.4","7.2%","31.3%","1.5","10816"
"Jake Cave","Twins",".208",".363","1.43",".332","109","35.9%","65.8%","49.0%","54.2%","83.6%","71.5%","14.0%","35.5%","43.0%","21.5%","8.6%","53.8%","37.6%","89.2","10.5","14.0%","38.2%","1.4","14477"
"Asdrubal Cabrera","- - -",".196",".296","1.08",".332","111","32.3%","71.8%","49.0%","69.8%","85.9%","79.8%","9.9%","47.8%","32.4%","19.8%","15.4%","46.2%","38.5%","90.1","14.5","6.8%","39.6%","2.6","4962"
"Trea Turner","Nationals",".145",".314","1.48",".331","105","26.6%","65.0%","43.6%","67.7%","88.4%","81.3%","8.1%","43.1%","35.4%","21.5%","18.7%","49.8%","31.5%","89.1","9.3","5.6%","38.6%","4.8","16252"
"Ryan Braun","Brewers",".215",".274","1.70",".330","105","36.3%","70.9%","51.2%","68.5%","87.1%","79.6%","10.4%","39.6%","34.4%","26.0%","16.4%","40.6%","43.0%","92.3","6.4","9.8%","49.1%","1.3","3410"
"Denard Span","- - -",".158",".291","1.20",".330","112","23.9%","65.4%","42.8%","74.1%","92.6%","87.0%","5.6%","38.4%","30.7%","31.0%","19.2%","49.9%","31.0%","87.2","13.3","2.7%","29.6%","1.5","8347"
"Ketel Marte","Diamondbacks",".177",".282","1.77",".330","106","28.1%","68.4%","45.5%","77.5%","90.4%","85.9%","6.4%","36.7%","39.2%","24.1%","20.9%","43.0%","36.0%","88.8","5.8","4.5%","36.5%","2.6","13613"
"Eric Thames","Brewers",".259",".284","0.71",".330","105","32.1%","69.1%","47.7%","44.9%","81.3%","67.2%","15.7%","44.0%","34.0%","22.0%","12.0%","42.0%","46.0%","91.0","19.3","16.7%","43.3%","0.9","3711"
"Kendrys Morales","Blue Jays",".189",".272","1.26",".329","108","31.6%","63.0%","43.5%","58.2%","86.7%","73.9%","11.4%","37.2%","35.9%","26.9%","13.6%","45.8%","40.6%","92.3","10.0","12.1%","52.6%","0.2","8610"
"Ian Happ","Cubs",".176",".362","1.05",".329","106","24.7%","68.3%","42.8%","50.4%","70.2%","63.5%","15.6%","36.0%","36.5%","27.5%","17.6%","44.1%","38.3%","90.0","14.1","12.2%","40.5%","1.5","17919"
"Daniel Palka","White Sox",".245",".308","1.21",".329","109","34.6%","69.9%","48.9%","47.0%","78.5%","65.2%","17.0%","45.5%","33.7%","20.8%","20.5%","43.2%","36.4%","92.3","11.6","14.4%","48.9%","0.7","14897"
"Mike Moustakas","- - -",".208",".259","0.74",".329","105","37.0%","73.6%","52.1%","67.7%","88.4%","79.8%","10.5%","42.6%","34.2%","23.1%","21.2%","37.6%","41.2%","89.5","19.9","8.2%","39.1%","2.4","4892"
"Mark Trumbo","Orioles",".191",".303","1.22",".329","105","37.2%","69.1%","49.6%","58.8%","83.9%","72.4%","13.7%","33.1%","40.4%","26.5%","18.0%","42.0%","40.0%","92.8","10.4","9.4%","48.6%","0.2","6876"
"Maikel Franco","Phillies",".196",".270","1.46",".328","104","35.4%","73.9%","51.8%","68.9%","87.1%","79.9%","10.4%","44.4%","34.0%","21.7%","28.3%","44.1%","27.5%","88.1","9.6","6.1%","34.0%","1.1","12179"
"Teoscar Hernandez","Blue Jays",".229",".313","0.83",".328","107","32.2%","74.3%","49.5%","45.5%","75.7%","64.1%","17.8%","37.7%","36.1%","26.3%","15.8%","46.8%","37.3%","91.8","16.9","14.9%","45.9%","0.3","13066"
"Wil Myers","Padres",".192",".327","1.51",".328","107","33.8%","65.4%","46.6%","69.2%","83.2%","77.2%","10.6%","50.2%","33.3%","16.4%","12.3%","41.1%","46.6%","90.5","9.4","7.3%","45.7%","1.6","10047"
"Willy Adames","Rays",".128",".378","1.71",".328","110","27.6%","70.8%","46.7%","58.5%","81.7%","74.0%","12.1%","37.8%","35.2%","27.0%","17.3%","48.0%","34.7%","86.7","8.5","6.6%","29.6%","1.4","15986"
"Tony Kemp","Astros",".129",".296","1.39",".327","110","26.2%","63.5%","42.9%","69.0%","90.1%","83.0%","7.3%","49.3%","28.8%","21.9%","16.7%","53.0%","30.2%","84.1","11.6","0.5%","17.6%","0.8","14894"
"Adrian Beltre","Rangers",".162",".312","1.05",".327","97","33.7%","62.0%","45.5%","69.1%","86.6%","79.0%","9.5%","38.8%","32.8%","28.4%","14.2%","43.5%","42.3%","88.7","13.6","6.1%","36.8%","1.1","639"
"Marcell Ozuna","Cardinals",".153",".309","1.35",".327","107","32.5%","72.8%","48.4%","61.3%","87.0%","76.6%","11.3%","42.2%","35.3%","22.5%","15.8%","39.1%","45.2%","91.4","10.8","9.2%","44.4%","2.8","10324"
"Brandon Belt","Giants",".160",".311","0.51",".327","108","27.6%","76.2%","48.6%","58.6%","84.8%","76.3%","11.5%","39.8%","30.3%","29.9%","17.3%","41.2%","41.5%","87.0","23.3","9.9%","31.6%","2.2","10264"
"Jean Segura","Mariners",".111",".327","1.76",".327","110","34.6%","66.0%","48.2%","78.3%","95.1%","88.3%","5.7%","35.7%","40.8%","23.5%","20.9%","53.3%","25.8%","87.7","7.8","3.2%","32.1%","3.7","5933"
"Derek Dietrich","Marlins",".156",".336","1.13",".326","108","34.4%","71.8%","50.4%","64.2%","85.9%","77.4%","11.4%","41.3%","33.8%","24.9%","19.4%","44.0%","36.6%","87.4","15.8","5.8%","37.7%","0.7","10542"
"Harrison Bader","Cardinals",".158",".358","1.19",".326","107","30.6%","64.6%","45.1%","59.5%","83.4%","74.1%","11.7%","46.5%","29.6%","23.8%","21.5%","40.8%","37.7%","87.1","13.7","6.5%","30.8%","3.6","18030"
"Yairo Munoz","Cardinals",".137",".338","2.33",".326","107","39.1%","72.8%","52.9%","57.2%","87.4%","74.2%","13.6%","37.9%","36.2%","25.9%","15.2%","47.8%","37.1%","87.4","4.6","4.5%","29.5%","0.1","16313"
"Melky Cabrera","Indians",".140",".303","1.75",".326","101","34.2%","65.2%","46.7%","74.3%","92.5%","84.6%","7.2%","37.3%","39.2%","23.5%","11.1%","49.8%","39.2%","90.7","9.2","1.8%","41.0%","0.4","4022"
"Buster Posey","Giants",".098",".316","1.52",".326","107","29.5%","64.2%","44.2%","80.1%","92.8%","87.9%","5.4%","33.7%","38.3%","28.0%","13.8%","49.9%","36.3%","89.1","10.3","4.0%","34.9%","2.3","9166"
"Andrelton Simmons","Angels",".125",".300","1.60",".326","108","28.0%","66.6%","45.2%","77.9%","92.9%","87.7%","5.6%","51.0%","33.1%","15.9%","21.3%","42.6%","36.0%","88.2","7.8","3.3%","36.0%","5.4","10847"
"Yan Gomes","Indians",".184",".336","0.77",".326","101","38.6%","74.3%","53.6%","59.5%","83.6%","73.5%","14.2%","42.9%","32.4%","24.7%","13.9%","42.9%","43.2%","88.9","18.7","7.7%","38.3%","2.4","9627"
"Mitch Moreland","Red Sox",".188",".288","1.16",".325","101","27.3%","72.5%","46.5%","55.1%","84.0%","74.2%","12.0%","41.0%","35.5%","23.5%","14.7%","50.5%","34.9%","91.0","11.5","10.7%","44.3%","0.7","3086"
"Tyler Austin","- - -",".250",".289","1.00",".325","104","32.4%","74.1%","50.6%","43.7%","74.9%","63.6%","18.4%","38.2%","34.2%","27.6%","13.8%","50.0%","36.2%","89.0","15.1","14.5%","43.4%","0.3","11850"
"Mitch Garver","Twins",".146",".330","1.06",".325","103","22.3%","57.5%","38.6%","63.4%","86.9%","79.6%","7.9%","38.8%","34.5%","26.7%","21.6%","37.9%","40.5%","89.0","12.7","4.7%","38.8%","0.4","15161"
"Rougned Odor","Rangers",".171",".305","1.05",".325","95","35.4%","64.6%","47.6%","66.4%","87.1%","78.2%","10.4%","46.6%","35.9%","17.5%","15.0%","39.8%","45.2%","90.7","13.9","6.8%","38.1%","2.4","12282"
"Nick Williams","Phillies",".170",".312","1.37",".324","102","33.6%","68.8%","49.2%","54.2%","87.7%","75.0%","12.3%","34.8%","40.2%","25.0%","16.9%","53.0%","30.1%","88.7","10.6","6.8%","37.5%","0.2","14330"
"Justin Bour","- - -",".177",".270","1.23",".324","106","29.8%","58.3%","41.4%","65.8%","81.3%","74.6%","10.5%","41.7%","36.4%","21.9%","22.8%","39.7%","37.4%","88.9","9.8","10.3%","39.1%","0.4","9744"
"Jose Bautista","- - -",".175",".262","0.74",".324","106","23.9%","63.5%","39.5%","48.4%","85.6%","72.0%","11.1%","50.2%","31.2%","18.6%","18.1%","42.3%","39.5%","90.8","19.4","7.9%","42.8%","1.0","1887"
"Ozzie Albies","Braves",".191",".285","0.97",".324","101","38.2%","82.3%","56.2%","68.1%","87.3%","79.6%","11.5%","44.8%","31.1%","24.1%","16.3%","49.3%","34.3%","86.8","16.1","4.0%","29.4%","3.8","16556"
"Nomar Mazara","Rangers",".178",".298","2.07",".324","95","33.5%","64.1%","46.1%","64.3%","85.2%","76.3%","10.9%","38.0%","36.7%","25.3%","18.4%","44.1%","37.5%","90.5","5.3","8.0%","43.1%","0.9","14553"
"Yuli Gurriel","Astros",".138",".306","1.25",".323","107","37.1%","69.2%","50.2%","77.3%","92.8%","86.0%","7.0%","41.2%","36.4%","22.5%","18.3%","51.1%","30.6%","89.3","11.5","1.7%","36.2%","1.1","19198"
"Matt Duffy","Rays",".072",".353","2.65",".323","107","29.8%","67.8%","46.3%","70.1%","92.5%","84.3%","7.3%","29.3%","37.8%","32.9%","14.3%","54.7%","31.0%","86.8","4.8","1.2%","27.8%","2.5","13836"
"Leonys Martin","- - -",".170",".302","0.79",".323","102","29.6%","75.6%","49.9%","61.2%","83.8%","76.3%","11.8%","44.4%","30.0%","25.5%","18.9%","43.2%","37.9%","89.1","18.3","9.9%","38.7%","2.4","11846"
"Yadier Molina","Cardinals",".174",".264","1.05",".323","105","38.5%","70.8%","52.6%","76.8%","89.2%","84.1%","8.4%","49.6%","29.3%","21.1%","13.3%","42.4%","44.4%","88.2","15.4","5.3%","33.6%","2.5","7007"
"Ben Gamel","Mariners",".097",".352","1.69",".323","107","26.5%","59.4%","40.7%","62.0%","91.2%","80.5%","8.0%","37.1%","33.0%","29.9%","13.7%","59.9%","26.4%","88.7","7.2","3.0%","33.5%","0.9","12160"
"Christian Villanueva","Padres",".214",".276","0.68",".323","104","37.5%","78.1%","54.2%","57.2%","83.0%","72.5%","14.9%","50.0%","30.2%","19.8%","23.4%","44.4%","32.3%","86.7","20.8","8.5%","30.2%","1.2","11738"
"DJ LeMahieu","Rockies",".152",".298","1.68",".322","87","26.0%","60.1%","41.7%","72.7%","95.0%","87.5%","5.2%","29.8%","40.7%","29.6%","16.3%","48.7%","35.0%","91.3","5.9","4.3%","42.8%","2.1","9874"
"Lourdes Gurriel Jr.","Blue Jays",".165",".326","1.30",".322","103","39.3%","72.9%","53.0%","65.1%","87.0%","77.4%","12.0%","45.1%","26.9%","28.0%","15.5%","53.9%","30.6%","91.0","11.2","6.7%","45.1%","0.4","19238"
"Niko Goodrum","Tigers",".187",".312","1.34",".322","102","33.5%","71.7%","49.3%","57.0%","83.0%","72.7%","13.5%","40.4%","31.2%","28.3%","15.9%","47.5%","36.6%","88.0","11.1","7.3%","35.4%","1.1","12092"
"Colin Moran","Pirates",".130",".316","1.53",".322","102","29.2%","74.2%","49.8%","65.6%","88.5%","81.2%","9.3%","37.6%","31.8%","30.6%","15.3%","52.1%","32.6%","88.2","10.7","5.0%","35.3%","0.7","16909"
"Renato Nunez","- - -",".161",".315","0.91",".322","100","35.6%","68.8%","50.0%","56.3%","81.7%","71.5%","14.3%","47.7%","30.7%","21.6%","23.3%","49.4%","27.3%","89.0","15.7","8.5%","36.4%","1.2","14503"
"Matt Davidson","White Sox",".191",".313","1.03",".321","104","30.0%","67.6%","45.3%","51.9%","80.6%","69.3%","13.9%","38.6%","34.9%","26.5%","18.0%","42.6%","39.3%","90.0","13.8","11.8%","42.3%","0.9","7226"
"Aledmys Diaz","Blue Jays",".190",".269","0.99",".321","102","40.1%","80.0%","57.6%","64.6%","87.8%","78.7%","12.3%","47.0%","30.8%","22.3%","19.2%","48.9%","31.9%","89.1","13.7","6.3%","39.3%","1.6","15937"
"Willson Contreras","Cubs",".141",".313","1.69",".321","100","34.4%","70.1%","49.5%","62.2%","81.6%","73.8%","13.0%","42.0%","31.4%","26.6%","22.4%","48.7%","28.9%","88.2","8.0","6.7%","33.3%","0.7","11609"
"Paul DeJong","Cardinals",".193",".288","0.72",".321","103","29.8%","66.6%","45.8%","55.3%","87.9%","75.9%","11.0%","45.6%","28.3%","26.1%","18.6%","42.8%","38.7%","89.3","19.1","8.5%","40.1%","3.3","18015"
"Cesar Hernandez","Phillies",".109",".315","1.37",".320","99","20.3%","58.7%","37.6%","60.0%","89.7%","80.9%","7.2%","40.3%","32.2%","27.5%","20.5%","55.5%","24.0%","85.7","11.4","3.5%","27.8%","2.1","10556"
"Chris Iannetta","Rockies",".161",".275","0.98",".320","85","21.7%","71.1%","43.5%","49.4%","80.9%","72.2%","12.1%","42.1%","31.0%","26.9%","13.9%","47.2%","38.9%","92.0","13.6","8.3%","43.1%","0.7","8267"
"Jason Heyward","Cubs",".125",".297","1.41",".319","99","31.6%","64.7%","45.4%","76.6%","89.7%","84.3%","7.1%","42.2%","32.0%","25.8%","25.5%","44.8%","29.7%","88.4","9.7","2.6%","38.4%","2.0","4940"
"Domingo Santana","Brewers",".147",".386","1.76",".319","98","30.9%","71.8%","47.2%","48.2%","78.2%","66.4%","15.8%","38.7%","41.6%","19.7%","12.4%","47.4%","40.1%","89.1","11.7","10.2%","38.7%","0.7","10348"
"Yonder Alonso","Indians",".171",".283","0.96",".319","97","32.9%","75.2%","50.4%","58.7%","88.6%","77.1%","11.5%","43.7%","34.4%","21.9%","19.8%","42.5%","37.7%","87.8","15.7","9.3%","36.7%","0.7","2530"
"Jose Peraza","Reds",".128",".307","0.96",".319","96","35.2%","67.5%","49.1%","76.1%","95.6%","87.7%","6.1%","35.3%","36.0%","28.8%","18.8%","51.8%","29.5%","85.8","15.0","2.3%","23.5%","2.6","13593"
"Joe Mauer","Twins",".097",".330","2.30",".319","100","21.0%","51.0%","35.3%","72.3%","94.0%","87.2%","4.5%","25.5%","40.3%","34.2%","12.9%","42.3%","44.8%","91.1","4.4","4.2%","42.8%","1.1","1857"
"Marwin Gonzalez","Astros",".162",".301","1.16",".318","103","31.9%","59.9%","43.6%","65.0%","86.3%","77.2%","9.9%","44.1%","35.4%","20.5%","17.3%","44.3%","38.4%","89.1","11.4","6.2%","41.4%","1.5","5497"
"Max Kepler","Twins",".184",".236","0.82",".316","98","24.9%","65.2%","42.6%","66.2%","91.7%","83.3%","7.1%","43.1%","32.3%","24.6%","19.4%","43.5%","37.1%","89.5","16.3","5.9%","37.4%","2.7","12144"
"Wilmer Flores","Mets",".150",".269","0.80",".316","102","31.8%","68.2%","47.6%","83.4%","90.7%","87.9%","5.7%","39.6%","32.8%","27.6%","24.1%","43.1%","32.9%","86.4","17.2","2.3%","26.6%","0.4","5827"
"Lucas Duda","- - -",".177",".302","0.63",".315","96","32.3%","62.1%","44.4%","53.8%","82.4%","70.0%","13.3%","41.9%","31.0%","27.1%","18.3%","43.2%","38.4%","89.5","19.6","9.6%","36.7%","0.0","2502"
"Starlin Castro","Marlins",".121",".330","1.77",".315","101","30.3%","66.6%","46.0%","63.0%","88.8%","79.1%","9.6%","40.2%","38.7%","21.1%","15.8%","46.9%","37.3%","88.4","8.3","6.3%","36.0%","2.3","4579"
"Adam Jones","Orioles",".138",".311","1.17",".315","96","41.9%","73.5%","54.8%","64.1%","89.1%","77.8%","12.2%","39.9%","33.6%","26.5%","19.3%","49.3%","31.4%","88.3","13.2","4.9%","32.8%","0.4","6368"
"Tyler Flowers","Braves",".131",".292","1.11",".315","95","24.2%","70.5%","43.7%","52.4%","82.8%","73.1%","11.8%","45.5%","34.1%","20.5%","12.5%","38.6%","48.9%","90.0","12.9","6.3%","44.3%","2.5","9134"
"Ian Desmond","Rockies",".186",".279","2.88",".315","82","31.0%","71.3%","48.1%","57.9%","81.7%","72.9%","13.0%","30.0%","40.8%","29.2%","21.5%","44.4%","34.1%","90.1","-0.1","6.3%","43.2%","-0.6","6885"
"Phillip Ervin","Reds",".151",".310","1.02",".315","94","28.2%","68.4%","46.7%","64.2%","81.4%","75.8%","11.3%","35.2%","30.2%","34.6%","19.8%","45.7%","34.6%","85.9","16.7","4.3%","34.6%","0.4","14738"
"Odubel Herrera","Phillies",".165",".290","1.20",".315","96","39.6%","68.9%","51.7%","59.9%","85.8%","74.1%","13.4%","38.8%","33.7%","27.4%","27.2%","47.9%","24.9%","86.7","13.0","4.7%","31.9%","0.9","11476"
"Kolten Wong","Cardinals",".139",".275","1.57",".314","99","24.9%","62.3%","41.6%","71.3%","88.8%","83.0%","7.1%","40.4%","35.4%","24.2%","21.5%","50.3%","28.1%","87.6","9.0","2.3%","30.8%","2.8","12532"
"David Bote","Cubs",".168",".314","2.35",".314","96","30.9%","66.9%","46.7%","49.3%","80.9%","69.2%","14.4%","35.4%","38.6%","26.0%","18.1%","43.3%","38.6%","93.5","3.7","10.2%","52.8%","1.0","14593"
"Jorge Alfaro","Phillies",".145",".406","1.65",".314","95","46.9%","79.4%","61.1%","42.9%","74.7%","61.0%","23.8%","28.0%","40.1%","31.9%","14.5%","47.8%","37.7%","91.7","8.3","10.1%","44.0%","3.2","12180"
"Carlos Correa","Astros",".167",".282","1.23",".313","100","28.7%","62.8%","42.2%","64.7%","86.7%","77.7%","9.4%","34.8%","33.4%","31.8%","17.9%","53.3%","28.8%","88.2","11.6","6.3%","33.4%","1.6","14162"
"Gerardo Parra","Rockies",".087",".334","1.65",".313","80","33.0%","74.4%","50.9%","67.4%","89.4%","81.3%","9.5%","36.3%","33.8%","29.9%","13.9%","52.0%","34.1%","86.8","9.2","2.4%","26.3%","0.0","8553"
"Max Stassi","Astros",".167",".302","1.69",".313","100","25.5%","66.4%","43.2%","50.7%","75.5%","67.2%","14.2%","45.6%","37.4%","17.0%","21.1%","42.9%","36.1%","89.9","5.8","8.8%","45.6%","2.7","10059"
"Pablo Sandoval","Giants",".170",".282","1.70",".312","98","38.8%","62.3%","47.9%","74.9%","83.9%","79.4%","9.8%","33.5%","36.9%","29.6%","15.6%","43.6%","40.8%","89.6","9.7","5.0%","36.9%","0.1","5409"
"Ronald Guzman","Rangers",".181",".299","1.09",".312","87","37.7%","69.0%","50.6%","53.9%","86.5%","72.3%","14.0%","37.8%","35.2%","27.0%","17.6%","49.4%","33.0%","86.6","14.1","6.0%","33.0%","0.4","14388"
"Jonathan Villar","- - -",".124",".339","2.29",".312","93","30.8%","71.2%","48.2%","63.0%","77.4%","72.2%","13.4%","38.4%","35.3%","26.3%","23.3%","45.9%","30.8%","88.5","3.2","4.8%","36.0%","2.0","10071"
"Brad Miller","- - -",".165",".350","0.98",".312","97","32.6%","71.8%","48.8%","53.8%","77.9%","68.5%","15.4%","34.0%","42.0%","24.0%","18.7%","39.3%","42.0%","91.1","11.2","9.3%","48.7%","0.1","12775"
"Josh Reddick","Astros",".157",".258","0.85",".311","99","28.5%","66.0%","44.4%","71.2%","91.2%","83.8%","7.2%","44.8%","32.9%","22.3%","19.2%","50.7%","30.1%","85.6","18.2","3.6%","26.3%","1.1","3892"
"Yoan Moncada","White Sox",".164",".344","0.93",".311","97","23.3%","63.9%","41.1%","49.9%","79.8%","70.3%","12.2%","41.4%","32.9%","25.8%","14.2%","49.0%","36.7%","91.0","15.4","8.8%","44.1%","2.1","17232"
"Jeimer Candelario","Tigers",".169",".279","1.03",".311","94","28.6%","61.9%","42.7%","62.3%","85.2%","76.3%","10.1%","46.6%","30.2%","23.2%","20.1%","44.8%","35.2%","87.2","15.0","5.7%","33.3%","2.5","13621"
"Evan Gattis","Astros",".226",".232","0.78",".311","98","31.2%","67.2%","46.5%","65.6%","86.1%","78.2%","10.2%","50.3%","28.7%","21.0%","18.2%","48.7%","33.1%","87.6","17.8","7.0%","33.8%","-0.1","11003"
"John Hicks","Tigers",".142",".337","1.13",".311","94","40.8%","80.6%","56.8%","54.4%","78.8%","68.3%","18.0%","35.4%","35.9%","28.6%","20.4%","42.7%","36.9%","87.9","14.6","5.3%","34.5%","-0.2","12547"
"Jackie Bradley Jr.","Red Sox",".169",".299","1.19",".310","90","27.8%","71.4%","47.0%","57.4%","79.1%","71.9%","13.2%","45.2%","34.3%","20.5%","10.0%","49.0%","41.1%","92.2","12.3","9.4%","50.1%","2.8","12984"
"Rafael Devers","Red Sox",".193",".281","1.20",".310","90","37.2%","73.7%","52.0%","63.5%","82.7%","74.5%","13.2%","37.2%","36.6%","26.3%","20.5%","45.0%","34.4%","90.9","11.2","7.6%","41.7%","1.0","17350"
"Luke Maile","Blue Jays",".119",".351","1.34",".310","95","26.3%","64.4%","43.1%","52.1%","82.2%","71.9%","12.1%","43.1%","33.6%","23.4%","17.5%","48.2%","34.3%","89.3","11.1","5.1%","43.1%","2.1","13355"
"Danny Valencia","Orioles",".145",".293","1.37",".310","93","29.1%","62.5%","42.9%","54.4%","91.6%","76.8%","9.9%","45.9%","34.3%","19.8%","16.9%","50.2%","32.9%","90.7","8.8","7.7%","40.6%","-0.4","6364"
"Eric Hosmer","Padres",".145",".302","3.06",".309","95","33.1%","70.7%","48.5%","58.4%","85.7%","74.7%","12.3%","31.8%","39.2%","29.0%","23.5%","41.9%","34.5%","88.7","-1.5","5.5%","37.3%","-0.1","3516"
"Joey Rickard","Orioles",".169",".293","0.82",".309","92","33.9%","62.7%","47.0%","68.9%","87.5%","80.1%","9.3%","41.8%","34.2%","24.1%","22.8%","48.1%","29.1%","85.2","18.3","3.8%","20.3%","0.6","13277"
"Ender Inciarte","Braves",".116",".293","1.46",".308","90","31.0%","71.0%","49.1%","80.4%","90.3%","86.9%","6.4%","40.1%","35.3%","24.7%","19.7%","48.7%","31.6%","84.9","10.8","1.3%","18.9%","3.0","4922"
"Jason Kipnis","Indians",".158",".258","0.75",".308","89","28.3%","62.1%","42.7%","66.1%","90.1%","81.0%","8.1%","39.3%","36.5%","24.2%","19.2%","46.0%","34.8%","86.9","17.8","5.9%","30.6%","2.1","9776"
"Matt Wieters","Nationals",".136",".261","0.75",".308","89","28.7%","70.8%","45.4%","73.0%","90.6%","83.9%","7.3%","39.4%","36.8%","23.8%","19.7%","46.1%","34.2%","87.1","18.5","4.1%","33.7%","0.4","4298"
"Trey Mancini","Orioles",".174",".285","2.06",".308","91","34.4%","70.4%","49.6%","63.5%","81.8%","74.4%","12.7%","38.0%","35.7%","26.3%","20.3%","46.1%","33.6%","89.9","5.2","10.6%","42.2%","-0.3","15149"
"Jake Bauers","Rays",".183",".252","1.21",".308","96","24.3%","63.9%","40.3%","59.7%","80.1%","72.7%","11.0%","51.1%","30.0%","18.9%","15.0%","44.5%","40.5%","87.6","12.1","6.6%","31.3%","0.7","15194"
"Marcus Semien","Athletics",".133",".296","1.03",".307","96","26.2%","67.1%","43.8%","67.2%","88.3%","81.1%","8.3%","46.7%","30.6%","22.7%","18.4%","49.0%","32.5%","86.8","15.5","4.3%","32.0%","3.8","12533"
"Tucker Barnhart","Reds",".124",".291","1.46",".307","89","28.8%","69.0%","45.4%","66.2%","90.9%","81.7%","8.3%","44.3%","31.9%","23.8%","13.2%","48.4%","38.4%","87.1","12.4","2.7%","30.3%","-0.4","10200"
"Austin Romine","Yankees",".174",".292","1.51",".307","93","37.0%","66.6%","49.4%","60.3%","88.5%","76.3%","11.7%","27.4%","39.7%","33.0%","17.9%","46.4%","35.8%","88.6","9.6","5.0%","38.0%","1.3","5491"
"Brandon Crawford","Giants",".139",".303","1.42",".306","94","32.6%","77.8%","52.1%","58.6%","81.7%","73.5%","13.8%","33.1%","37.9%","29.0%","18.6%","45.2%","36.2%","87.5","11.3","3.4%","33.1%","2.0","5343"
"Russell Martin","Blue Jays",".131",".234","1.47",".305","91","14.4%","59.2%","34.3%","55.1%","83.7%","77.0%","7.9%","40.6%","39.6%","19.8%","22.7%","47.3%","30.0%","90.6","10.1","4.8%","43.0%","1.2","4616"
"Brett Gardner","Yankees",".132",".272","1.46",".305","91","21.7%","53.4%","36.0%","75.3%","93.7%","87.6%","4.5%","36.1%","37.3%","26.6%","19.4%","53.0%","27.5%","88.0","9.4","2.3%","32.9%","2.6","9927"
"Albert Almora Jr.","Cubs",".092",".337","1.74",".305","89","41.9%","70.7%","54.3%","63.8%","87.9%","77.3%","12.3%","38.2%","32.2%","29.5%","23.3%","49.3%","27.4%","86.6","8.3","1.1%","27.4%","1.1","14109"
"Alex Gordon","Royals",".125",".299","1.45",".305","89","29.7%","67.0%","46.2%","59.0%","87.0%","77.0%","10.6%","40.2%","34.2%","25.6%","15.9%","46.2%","37.9%","88.5","10.9","6.3%","39.6%","1.6","5209"
"Avisail Garcia","White Sox",".202",".271","1.40",".304","93","43.9%","79.9%","58.6%","50.5%","81.3%","67.6%","19.0%","47.9%","32.8%","19.3%","17.4%","44.4%","38.2%","90.3","9.6","11.6%","43.2%","0.1","5760"
"Salvador Perez","Royals",".204",".245","0.77",".304","89","48.4%","71.3%","57.0%","66.4%","90.1%","77.5%","12.8%","46.7%","33.4%","19.9%","12.0%","42.0%","45.9%","91.2","18.0","9.1%","47.4%","0.4","7304"
"Jose Iglesias","Tigers",".120",".291","1.30",".304","89","39.7%","61.9%","49.7%","79.1%","93.9%","87.4%","6.3%","42.1%","34.1%","23.8%","21.0%","52.1%","26.9%","84.8","12.1","1.3%","22.3%","2.5","10231"
"Brian Dozier","- - -",".175",".240","0.90",".304","90","22.5%","60.5%","39.6%","65.4%","85.7%","79.3%","8.2%","49.9%","33.8%","16.3%","17.0%","45.7%","37.3%","86.8","17.5","5.6%","28.4%","0.9","9810"
"Gary Sanchez","Yankees",".220",".197","1.00",".304","91","32.3%","62.4%","43.9%","55.7%","86.4%","72.5%","12.1%","51.1%","30.7%","18.2%","19.5%","45.0%","35.5%","90.3","14.2","13.4%","41.6%","1.7","11442"
"Nick Hundley","Giants",".167",".310","0.97",".304","92","34.3%","77.2%","53.7%","49.8%","88.4%","74.8%","13.5%","46.7%","32.5%","20.8%","18.8%","38.1%","43.1%","88.9","15.6","6.1%","39.6%","-0.5","3376"
"Travis Jankowski","Padres",".086",".319","2.92",".303","90","21.7%","60.9%","39.9%","65.9%","91.9%","84.3%","6.3%","34.4%","33.7%","31.9%","21.4%","52.9%","25.7%","85.6","3.3","0.7%","18.8%","1.0","13768"
"Devin Mesoraco","- - -",".176",".236","0.77",".302","92","31.0%","69.6%","47.7%","66.5%","85.7%","78.6%","10.2%","51.8%","26.9%","21.2%","21.8%","46.1%","32.1%","86.6","20.6","5.7%","28.5%","-0.3","5666"
"Kevin Pillar","Blue Jays",".174",".281","0.94",".302","89","43.5%","67.9%","53.8%","66.6%","90.0%","79.0%","11.3%","40.7%","35.0%","24.3%","21.4%","44.5%","34.0%","87.3","16.8","5.0%","36.4%","2.0","12434"
"Todd Frazier","Mets",".176",".241","0.78",".302","92","26.8%","59.1%","40.5%","65.6%","85.7%","78.0%","8.9%","49.7%","30.3%","20.1%","17.4%","41.8%","40.8%","89.5","18.3","6.3%","36.8%","1.5","785"
"Kevin Plawecki","Mets",".160",".257","1.26",".302","92","28.5%","65.3%","44.9%","56.8%","89.4%","77.9%","9.9%","46.3%","34.9%","18.9%","19.4%","45.1%","35.4%","86.9","11.6","4.6%","35.4%","0.0","13807"
"Austin Hedges","Padres",".198",".280","0.87",".301","90","36.3%","66.3%","49.0%","59.6%","84.1%","73.6%","12.9%","48.1%","33.2%","18.7%","25.2%","37.9%","36.9%","85.6","16.1","6.5%","29.9%","2.3","12976"
"Jon Jay","- - -",".080",".319","3.59",".301","87","35.7%","65.1%","48.8%","68.9%","91.3%","82.2%","8.7%","33.4%","35.2%","31.4%","12.7%","51.8%","35.5%","85.1","4.2","1.6%","21.6%","0.8","5227"
"Manny Pina","Brewers",".144",".285","1.19",".301","86","32.3%","62.1%","45.7%","70.8%","91.3%","83.4%","7.6%","42.6%","28.5%","28.9%","23.3%","43.0%","33.7%","84.9","13.9","4.4%","26.5%","1.2","2829"
"Isiah Kiner-Falefa","Rangers",".096",".306","2.17",".301","79","28.7%","56.3%","41.0%","71.1%","94.9%","85.7%","5.9%","38.7%","31.7%","29.7%","18.3%","52.3%","29.3%","84.9","7.0","0.7%","23.7%","0.1","16512"
"Nick Ahmed","Diamondbacks",".176",".265","1.18",".300","85","34.2%","70.3%","50.0%","57.2%","88.6%","76.6%","11.7%","39.0%","36.3%","24.7%","17.2%","43.6%","39.2%","86.9","11.9","4.1%","30.0%","1.8","12147"
"Steven Souza Jr.","Diamondbacks",".149",".298","0.97",".299","85","25.2%","69.9%","43.7%","57.2%","83.4%","74.5%","11.1%","38.0%","35.5%","26.5%","18.1%","38.0%","44.0%","88.7","16.2","7.8%","39.8%","-0.4","5667"
"Albert Pujols","Angels",".166",".247","1.07",".299","90","35.9%","64.9%","48.4%","71.7%","92.0%","83.4%","8.0%","46.9%","35.2%","17.9%","18.9%","38.7%","42.4%","90.1","14.0","5.7%","40.7%","-0.2","1177"
"Matt Joyce","Athletics",".145",".242","0.90",".299","90","23.4%","76.8%","46.0%","62.2%","81.2%","75.7%","11.2%","42.0%","36.3%","21.7%","14.6%","49.7%","35.7%","87.4","14.8","7.0%","31.8%","0.2","3353"
"Brandon Guyer","Indians",".165",".237","0.98",".298","82","29.9%","68.2%","46.4%","68.9%","86.0%","79.8%","9.4%","51.0%","31.3%","17.7%","19.7%","42.9%","37.4%","85.4","16.2","4.1%","30.6%","0.1","2636"
"Ian Kinsler","- - -",".140",".250","0.87",".298","87","27.1%","68.3%","45.4%","78.7%","93.8%","88.8%","5.1%","43.7%","33.8%","22.5%","19.7%","50.9%","29.3%","85.3","17.5","3.1%","25.8%","2.2","6195"
"David Fletcher","Angels",".088",".307","1.16",".297","88","28.3%","53.7%","40.2%","83.6%","95.6%","91.1%","3.6%","43.1%","32.2%","24.7%","21.6%","49.4%","29.0%","84.0","13.4","0.4%","20.4%","1.9","17992"
"Yolmer Sanchez","White Sox",".130",".300","1.67",".297","87","34.3%","64.3%","47.5%","70.4%","87.0%","80.3%","9.4%","37.3%","35.5%","27.2%","16.7%","55.0%","28.3%","86.7","9.3","2.6%","27.8%","1.8","11602"
"Alen Hanson","Giants",".173",".303","1.08",".296","88","38.0%","74.5%","53.7%","56.3%","83.4%","72.5%","14.8%","51.1%","31.4%","17.5%","21.0%","52.0%","27.1%","84.1","13.8","3.5%","21.4%","0.6","12926"
"Jordy Mercer","Pirates",".129",".306","1.12",".296","85","29.8%","61.1%","44.2%","61.5%","88.9%","78.9%","9.3%","45.3%","35.0%","19.6%","17.0%","53.1%","29.9%","87.6","13.1","4.2%","31.2%","1.0","6547"
"Ryon Healy","Mariners",".176",".257","1.21",".296","89","36.1%","63.9%","47.5%","57.6%","90.8%","75.9%","11.4%","44.8%","34.8%","20.4%","17.5%","48.2%","34.3%","89.6","12.3","6.5%","41.4%","-0.9","15447"
"Elvis Andrus","Rangers",".111",".292","1.60",".296","76","35.4%","66.3%","48.7%","67.4%","91.4%","81.4%","9.0%","42.0%","31.4%","26.6%","18.1%","48.0%","33.8%","87.2","8.7","3.6%","30.5%","1.2","8709"
"Jay Bruce","Mets",".147",".263","0.59",".296","89","30.7%","76.4%","49.2%","58.3%","81.1%","72.7%","13.4%","45.1%","36.5%","18.4%","16.0%","50.8%","33.2%","88.4","21.4","8.2%","34.3%","0.1","9892"
"Ryan McMahon","Rockies",".144",".327","1.54",".296","69","33.0%","74.8%","51.3%","51.7%","78.7%","69.0%","15.9%","29.7%","40.7%","29.7%","18.6%","47.5%","33.9%","89.3","7.5","5.9%","44.1%","0.0","15112"
"Jorge Bonifacio","Royals",".136",".301","0.79",".296","83","27.3%","72.8%","46.5%","50.6%","83.7%","72.4%","12.8%","48.2%","33.3%","18.5%","15.5%","48.8%","35.7%","85.9","19.3","6.5%","28.6%","0.2","12174"
"Leury Garcia","White Sox",".105",".355","2.14",".295","86","41.1%","76.5%","56.8%","58.8%","84.0%","73.8%","14.9%","31.4%","35.6%","33.0%","17.0%","53.1%","29.9%","88.0","6.8","2.6%","31.4%","0.1","5913"
"Evan Longoria","Giants",".169",".274","1.09",".295","87","33.1%","68.3%","48.6%","70.7%","86.9%","80.7%","9.4%","41.9%","32.3%","25.8%","15.6%","43.2%","41.1%","88.5","13.4","7.0%","37.0%","0.5","9368"
"Cameron Maybin","- - -",".088",".306","1.76",".295","87","25.0%","61.4%","41.2%","62.4%","90.6%","81.1%","7.8%","37.9%","41.3%","20.8%","19.7%","46.8%","33.5%","86.7","7.7","3.7%","33.1%","0.5","5223"
"Miguel Sano","Twins",".199",".286","1.06",".295","83","30.0%","68.2%","45.4%","45.4%","80.3%","66.5%","15.2%","42.5%","33.3%","24.2%","15.0%","42.5%","42.5%","90.3","12.6","11.1%","41.8%","0.1","12164"
"Guillermo Heredia","Mariners",".106",".270","1.29",".295","88","20.2%","68.6%","42.1%","67.6%","90.4%","84.4%","6.6%","40.2%","28.9%","30.9%","22.1%","51.0%","26.9%","86.4","11.1","2.8%","27.3%","0.1","18721"
"Tim Anderson","White Sox",".166",".289","1.39",".294","86","40.3%","72.6%","54.0%","58.3%","85.3%","73.7%","14.2%","44.4%","28.4%","27.2%","18.4%","51.3%","30.3%","85.8","10.8","4.7%","27.9%","2.0","15172"
"Freddy Galvis","Padres",".133",".304","1.13",".294","85","36.8%","68.7%","50.1%","65.6%","83.6%","75.9%","12.1%","38.1%","37.9%","24.0%","13.0%","46.8%","40.3%","88.6","13.7","3.2%","28.1%","1.2","6609"
"Ehire Adrianza","Twins",".128",".313","1.01",".294","83","29.2%","71.1%","48.0%","65.6%","90.5%","82.2%","8.6%","45.2%","33.2%","21.6%","17.4%","46.3%","36.3%","86.6","16.4","4.6%","30.5%","0.6","8418"
"Dansby Swanson","Braves",".157",".290","1.13",".293","80","36.5%","68.7%","49.9%","61.8%","86.2%","75.8%","12.1%","42.7%","31.8%","25.5%","17.8%","46.6%","35.6%","88.0","14.1","4.1%","34.0%","1.9","18314"
"Nicky Delmonico","White Sox",".158",".269","1.04",".292","84","33.3%","72.2%","50.8%","53.3%","84.7%","73.3%","13.5%","40.5%","30.7%","28.8%","18.0%","52.2%","29.8%","86.8","14.6","4.4%","34.1%","-0.2","13157"
"Eduardo Nunez","Red Sox",".123",".290","1.51",".292","78","39.9%","73.0%","53.6%","75.9%","93.0%","85.5%","7.8%","32.8%","37.6%","29.6%","25.5%","47.2%","27.2%","88.3","9.4","2.7%","35.7%","-0.3","6848"
"Hernan Perez","Brewers",".133",".300","1.13",".292","79","39.8%","62.7%","49.5%","71.6%","87.3%","80.1%","9.9%","34.6%","40.7%","24.8%","19.1%","46.3%","34.6%","87.9","11.5","4.9%","32.1%","0.6","5751"
"Gorkys Hernandez","Giants",".157",".283","1.36",".292","84","32.0%","71.7%","49.5%","53.2%","81.7%","71.4%","14.2%","38.1%","34.5%","27.4%","20.8%","40.4%","38.8%","87.5","12.6","7.5%","35.5%","0.2","4146"
"Neil Walker","Yankees",".135",".257","0.96",".291","82","29.5%","67.6%","45.6%","65.6%","86.5%","78.7%","9.7%","45.1%","31.8%","23.1%","17.4%","44.7%","37.9%","88.1","13.7","4.9%","33.3%","0.1","7539"
"Greg Bird","Yankees",".188",".230","0.69",".291","82","28.2%","67.2%","45.5%","61.1%","84.4%","76.4%","10.8%","47.0%","32.8%","20.2%","13.1%","47.0%","39.9%","87.9","19.6","10.6%","33.3%","0.1","14131"
"Hunter Dozier","Royals",".166",".296","1.13",".291","79","35.5%","68.9%","50.1%","52.1%","88.6%","74.0%","13.0%","41.3%","31.9%","26.8%","15.0%","40.2%","44.9%","89.5","12.9","10.2%","40.2%","-0.8","15117"
"Cory Spangenberg","Padres",".128",".344","1.93",".290","82","32.8%","66.5%","47.6%","56.5%","79.3%","70.4%","14.1%","33.5%","36.1%","30.4%","17.0%","47.4%","35.6%","88.4","8.2","5.2%","38.1%","0.6","12294"
"Addison Russell","Cubs",".090",".314","1.28",".290","80","30.8%","70.7%","47.6%","56.6%","85.6%","74.8%","12.0%","30.6%","40.1%","29.3%","20.7%","50.3%","29.0%","86.7","11.8","2.2%","26.5%","1.4","14106"
"Amed Rosario","Mets",".125",".310","1.67",".290","85","41.2%","69.4%","53.8%","63.6%","85.1%","76.0%","12.9%","34.9%","41.3%","23.8%","20.4%","51.9%","27.7%","87.8","7.7","3.2%","32.2%","1.5","15518"
"Jake Marisnick","Astros",".188",".292","0.70",".290","84","36.8%","72.9%","51.3%","52.6%","78.2%","67.2%","16.9%","35.1%","35.9%","29.0%","20.6%","50.4%","29.0%","86.7","19.5","6.8%","31.1%","1.0","11339"
"Jonathan Schoop","- - -",".184",".261","1.23",".290","79","43.1%","77.1%","56.8%","57.6%","86.3%","73.3%","15.2%","43.3%","35.0%","21.8%","23.1%","49.0%","27.8%","86.4","11.5","4.1%","30.6%","0.5","11265"
"Jake Lamb","Diamondbacks",".126",".286","1.67",".290","79","28.6%","60.4%","42.6%","52.2%","86.4%","73.5%","11.3%","43.8%","29.5%","26.7%","18.5%","39.0%","42.5%","88.2","5.0","5.5%","37.0%","0.3","13329"
"Zack Cozart","Angels",".143",".244","0.93",".289","83","28.2%","61.3%","43.4%","66.9%","91.7%","82.9%","7.4%","51.4%","27.6%","21.1%","17.8%","45.4%","36.8%","85.6","17.4","2.2%","27.6%","0.3","2616"
"Tim Beckham","Orioles",".144",".282","1.40",".288","78","32.0%","68.8%","48.1%","59.5%","83.0%","74.2%","12.4%","42.6%","34.2%","23.2%","22.1%","47.4%","30.5%","87.1","9.8","5.1%","35.7%","-0.5","7949"
"Manuel Margot","Padres",".138",".281","1.16",".288","81","29.0%","65.0%","45.8%","65.8%","87.6%","80.3%","9.0%","39.5%","35.5%","24.9%","20.2%","40.6%","39.3%","89.4","11.5","3.3%","36.5%","0.6","14712"
"Kyle Seager","Mariners",".178",".251","0.76",".288","83","29.1%","70.9%","47.0%","63.1%","87.4%","78.8%","10.0%","44.1%","35.6%","20.3%","11.1%","51.9%","37.0%","89.8","18.5","5.1%","39.6%","1.5","9785"
"Greg Allen","Indians",".087",".320","1.64",".288","75","30.3%","62.8%","45.6%","69.1%","88.9%","81.9%","8.3%","37.7%","36.3%","25.9%","13.2%","50.5%","36.3%","86.7","7.9","1.4%","30.2%","0.0","16623"
"Mike Zunino","Mariners",".209",".268","0.85",".288","83","33.4%","70.5%","49.2%","47.1%","75.5%","64.5%","17.5%","58.7%","21.8%","19.6%","17.8%","42.7%","39.6%","89.5","18.0","13.3%","44.9%","2.1","13265"
"Austin Slater","Giants",".055",".377","3.90",".287","81","31.8%","66.2%","47.0%","59.1%","85.2%","75.3%","11.6%","29.0%","35.1%","35.9%","20.6%","42.0%","37.4%","87.3","2.6","2.3%","34.4%","0.0","16153"
"Jace Peterson","- - -",".124",".260","1.41",".286","77","21.1%","63.4%","39.8%","55.8%","85.4%","76.7%","9.3%","40.3%","29.9%","29.9%","14.9%","57.1%","27.9%","87.7","10.6","3.2%","32.5%","-0.4","12325"
"Brian McCann","Astros",".127",".229","0.56",".286","81","27.4%","57.5%","40.9%","68.5%","87.4%","80.4%","8.0%","43.0%","30.5%","26.5%","21.2%","53.0%","25.8%","86.3","23.3","3.3%","25.8%","0.1","4810"
"Josh Harrison","Pirates",".113",".286","1.01",".285","77","39.6%","74.8%","55.2%","72.6%","80.5%","77.3%","12.5%","45.9%","30.0%","24.0%","18.4%","48.8%","32.9%","85.9","15.7","2.5%","26.1%","0.3","8202"
"Carlos Gomez","Rays",".128",".266","0.72",".285","81","41.4%","82.9%","57.4%","62.8%","81.9%","73.5%","15.2%","40.5%","32.8%","26.6%","21.6%","47.9%","30.5%","86.9","19.7","4.6%","29.7%","-0.5","4881"
"Yangervis Solarte","Blue Jays",".152",".233","1.16",".284","77","41.4%","75.6%","54.2%","75.1%","92.2%","84.1%","8.6%","41.5%","34.5%","24.0%","21.0%","50.8%","28.3%","87.1","14.1","3.8%","32.0%","-1.3","5352"
"Devon Travis","Blue Jays",".148",".255","1.72",".283","77","31.6%","69.3%","48.5%","66.8%","90.0%","81.7%","8.9%","36.2%","32.8%","31.1%","20.8%","48.8%","30.4%","88.3","7.8","5.1%","36.9%","-0.5","13862"
"Logan Morrison","Twins",".182",".196","0.71",".283","75","29.6%","73.8%","47.8%","59.7%","87.1%","77.1%","10.9%","47.3%","29.7%","23.0%","18.4%","43.9%","37.7%","88.7","20.5","10.5%","37.2%","-0.7","9205"
"Kole Calhoun","Angels",".161",".241","1.23",".283","79","28.2%","76.1%","49.1%","56.9%","81.8%","73.7%","12.9%","42.6%","35.2%","22.3%","12.6%","42.9%","44.5%","90.4","12.1","8.8%","42.7%","0.0","11200"
"Jose Pirela","Padres",".096",".301","2.08",".283","77","32.2%","64.4%","46.5%","66.0%","87.1%","78.9%","9.8%","32.5%","40.5%","27.1%","23.6%","41.9%","34.5%","89.0","4.7","2.6%","36.8%","-0.8","5485"
"Aaron Altherr","Phillies",".152",".247","1.38",".282","74","26.9%","68.5%","44.8%","41.8%","83.3%","69.1%","13.9%","38.3%","39.6%","22.1%","21.4%","41.6%","37.0%","90.4","10.2","9.7%","45.5%","-0.5","11270"
"Kevin Kiermaier","Rays",".154",".275","1.62",".282","79","33.8%","73.0%","50.0%","56.5%","80.9%","71.2%","14.4%","35.1%","37.6%","27.3%","25.3%","43.3%","31.4%","86.0","7.5","4.1%","29.0%","1.6","11038"
"J.T. Riddle","Marlins",".146",".266","1.62",".282","78","34.6%","70.4%","50.7%","69.9%","85.7%","79.8%","10.2%","38.0%","39.2%","22.9%","18.4%","49.8%","31.8%","87.6","7.9","4.9%","29.0%","0.5","17642"
"Miguel Rojas","Marlins",".094",".272","1.61",".282","78","35.2%","65.1%","48.6%","72.3%","94.0%","85.3%","7.1%","32.7%","37.6%","29.6%","20.0%","53.2%","26.8%","84.7","9.3","0.9%","23.7%","1.0","7802"
"Victor Martinez","Tigers",".103",".260","1.09",".281","74","33.8%","69.8%","49.2%","80.0%","91.4%","86.9%","6.4%","42.8%","32.0%","25.2%","15.5%","47.5%","36.9%","87.8","14.1","4.2%","30.4%","-1.7","393"
"Johnny Field","- - -",".181",".284","0.95",".281","77","31.9%","68.2%","48.4%","51.3%","80.2%","69.8%","14.6%","41.7%","31.8%","26.5%","21.2%","43.7%","35.1%","86.7","14.2","4.6%","30.5%","0.0","15048"
"Austin Barnes","Dodgers",".085",".287","2.06",".281","77","20.5%","52.0%","35.6%","69.7%","89.4%","83.5%","5.9%","45.5%","33.6%","20.9%","22.4%","46.3%","31.3%","87.6","5.6","3.7%","30.6%","1.1","12158"
"Jefry Marte","Angels",".155",".240","1.83",".281","77","29.3%","63.8%","43.6%","74.1%","85.0%","80.7%","8.4%","52.9%","28.8%","18.3%","19.0%","51.0%","30.1%","88.2","6.1","3.9%","36.6%","-0.3","5107"
"Wilmer Difo","Nationals",".120",".269","1.25",".280","71","31.9%","68.3%","47.4%","66.6%","85.8%","78.4%","10.2%","40.8%","33.6%","25.5%","25.5%","53.5%","21.0%","83.1","12.8","2.1%","18.9%","0.4","14320"
"Michael A. Taylor","Nationals",".130",".320","1.67",".280","71","31.6%","73.6%","50.5%","58.3%","76.8%","70.4%","14.9%","39.3%","36.4%","24.3%","20.1%","47.7%","32.2%","88.5","8.1","5.9%","33.9%","0.9","11489"
"Joe Panik","Giants",".078",".265","1.61",".280","76","21.7%","65.6%","42.1%","78.0%","96.0%","91.1%","3.8%","38.4%","33.3%","28.2%","18.3%","50.5%","31.2%","86.6","9.7","2.1%","29.1%","0.1","11936"
"Erik Kratz","Brewers",".118",".264","1.16",".278","70","33.8%","66.1%","48.0%","65.8%","85.0%","77.5%","10.8%","39.8%","34.9%","25.3%","12.0%","41.6%","46.4%","89.8","12.9","4.8%","39.2%","0.7","4403"
"Adam Duvall","- - -",".169",".237","0.63",".277","69","34.2%","71.3%","49.8%","59.5%","82.6%","73.4%","13.2%","47.0%","33.2%","19.8%","18.3%","45.1%","36.6%","89.0","22.6","9.7%","40.7%","0.2","10950"
"Billy Hamilton","Reds",".091",".309","1.08",".277","68","29.9%","67.6%","47.5%","67.7%","84.0%","78.5%","10.2%","34.7%","33.4%","31.8%","26.8%","54.1%","19.1%","80.5","15.3","0.3%","8.5%","1.3","10199"
"Dee Gordon","Mariners",".081",".304","2.47",".277","76","41.4%","68.6%","53.6%","74.4%","94.1%","85.8%","7.6%","32.9%","36.3%","30.8%","20.0%","59.6%","20.4%","83.2","5.8","0.0%","12.4%","0.0","8203"
"Mikie Mahtook","Tigers",".157",".238","1.17",".276","70","26.6%","63.3%","42.7%","63.8%","84.5%","77.2%","9.7%","47.5%","30.0%","22.5%","20.6%","53.1%","26.3%","87.9","12.4","6.3%","35.0%","-0.2","13130"
"Greg Garcia","Cardinals",".083",".259","1.42",".276","73","22.1%","62.6%","41.4%","72.0%","90.0%","84.9%","6.2%","28.6%","39.5%","32.0%","19.0%","53.1%","27.9%","84.3","11.8","2.0%","25.2%","0.4","10951"
"Martin Maldonado","- - -",".126",".280","1.08",".275","73","38.7%","66.0%","51.0%","60.5%","84.3%","74.3%","13.1%","44.8%","29.0%","26.2%","16.5%","52.0%","31.5%","85.7","14.7","4.7%","26.5%","1.9","6887"
"Austin Jackson","- - -",".081",".387","1.50",".275","74","26.9%","64.6%","44.9%","51.6%","78.7%","70.2%","13.4%","34.9%","42.8%","22.3%","11.2%","58.1%","30.7%","87.1","11.3","2.3%","32.1%","-1.0","9848"
"JaCoby Jones","Tigers",".156",".281","1.30",".274","69","37.4%","68.9%","51.1%","53.9%","83.9%","71.5%","14.6%","43.8%","34.5%","21.7%","16.6%","47.2%","36.2%","88.8","12.7","5.5%","35.5%","1.2","14818"
"Logan Forsythe","- - -",".059",".293","1.52",".274","71","16.4%","56.6%","35.8%","70.1%","88.8%","84.4%","5.6%","37.0%","32.5%","30.4%","14.9%","51.2%","33.9%","87.3","10.4","1.0%","29.8%","-0.2","7185"
"Alex Avila","Diamondbacks",".139",".253","1.68",".273","67","14.6%","59.0%","35.2%","46.2%","72.4%","66.6%","11.8%","50.0%","27.4%","22.6%","12.3%","36.8%","50.9%","89.7","8.6","11.3%","45.3%","0.7","7476"
"Andrew Knapp","Phillies",".118",".303","1.08",".273","67","27.7%","72.4%","47.3%","46.4%","76.7%","66.7%","15.7%","40.4%","42.1%","17.5%","14.0%","53.5%","32.5%","88.4","13.5","7.9%","39.5%","-0.4","14942"
"Blake Swihart","Red Sox",".099",".311","1.10",".271","64","31.6%","66.6%","47.2%","61.4%","83.5%","75.3%","11.6%","40.7%","30.4%","28.9%","19.3%","51.1%","29.6%","86.0","13.9","5.2%","26.7%","-0.2","13176"
"Delino DeShields","Rangers",".066",".280","1.54",".271","59","23.4%","58.3%","38.9%","64.2%","89.5%","81.1%","7.4%","31.1%","37.5%","31.4%","19.3%","53.0%","27.7%","84.3","7.9","0.4%","14.4%","0.2","11379"
"Jonathan Lucroy","Athletics",".084",".273","1.25",".271","71","30.8%","58.4%","43.5%","79.2%","93.7%","88.1%","5.2%","32.5%","40.1%","27.5%","17.9%","47.3%","34.7%","86.9","13.5","1.4%","27.5%","0.6","7870"
"Adam Engel","White Sox",".100",".322","1.00",".270","69","40.1%","68.8%","52.7%","54.6%","82.6%","70.6%","15.5%","45.5%","30.8%","23.7%","25.0%","49.4%","25.6%","87.0","14.7","2.3%","32.1%","0.2","15082"
"Adeiny Hechavarria","- - -",".098",".280","1.02",".268","68","41.2%","74.3%","55.6%","71.3%","87.9%","80.9%","10.6%","34.8%","34.4%","30.8%","16.2%","48.2%","35.6%","87.0","13.6","1.6%","32.8%","0.4","10459"
"Victor Caratini","Cubs",".072",".290","2.18",".268","65","28.6%","63.7%","45.3%","56.3%","91.7%","79.9%","9.1%","37.3%","41.5%","21.1%","20.4%","51.4%","28.2%","88.8","6.4","3.5%","37.3%","-0.3","14968"
"Rosell Herrera","- - -",".083",".288","2.57",".266","63","25.1%","71.4%","45.4%","57.9%","89.2%","79.5%","9.3%","38.8%","35.3%","25.9%","20.1%","42.9%","37.1%","87.3","2.4","1.8%","32.6%","0.2","11611"
"John Ryan Murphy","Diamondbacks",".173",".256","0.63",".265","62","32.2%","64.5%","46.2%","54.5%","83.4%","71.9%","13.0%","42.9%","28.6%","28.6%","18.6%","40.7%","40.7%","87.0","22.3","10.0%","31.4%","0.9","10346"
"Dustin Fowler","Athletics",".130",".262","1.03",".263","66","35.1%","69.4%","50.8%","65.1%","88.9%","79.9%","10.2%","38.1%","33.3%","28.6%","17.7%","42.9%","39.5%","88.4","15.2","4.1%","40.1%","-0.6","17098"
"Martin Prado","Marlins",".061",".292","1.65",".263","66","27.5%","52.7%","38.7%","70.4%","93.2%","84.2%","6.1%","33.3%","35.8%","30.9%","13.0%","56.8%","30.2%","87.5","9.3","2.5%","25.9%","-0.5","3312"
"Scott Kingery","Phillies",".113",".291","0.86",".263","61","39.4%","64.6%","50.7%","61.8%","81.5%","73.1%","13.6%","40.2%","36.9%","23.0%","23.0%","50.5%","26.6%","86.2","17.4","4.5%","30.8%","-0.1","17975"
"Tony Wolters","Rockies",".115",".189","2.07",".261","46","25.8%","65.1%","43.4%","74.8%","88.1%","83.7%","7.1%","35.8%","33.8%","30.5%","17.9%","60.9%","21.2%","85.0","4.9","2.6%","21.2%","0.8","11470"
"Alcides Escobar","Royals",".082",".263","1.44",".261","59","35.2%","71.6%","51.5%","69.5%","88.2%","81.1%","9.7%","41.5%","34.1%","24.4%","20.1%","49.5%","30.3%","84.6","10.6","1.7%","21.5%","-0.3","6310"
"Dexter Fowler","Cardinals",".118",".210","1.07",".260","63","25.2%","66.0%","42.0%","60.8%","83.4%","75.4%","10.3%","43.1%","31.2%","25.7%","19.7%","46.3%","33.9%","85.3","12.6","3.2%","28.0%","-1.1","4062"
"Ronny Rodriguez","Tigers",".115",".253","1.20",".257","57","40.4%","68.6%","51.6%","55.0%","86.1%","71.5%","14.7%","41.6%","35.7%","22.7%","22.7%","42.2%","35.1%","86.0","13.1","3.2%","29.9%","-1.0","11875"
"James McCann","Tigers",".094",".282","0.98",".256","57","35.1%","64.8%","47.5%","59.6%","87.9%","75.7%","11.5%","33.2%","37.4%","29.4%","17.3%","46.3%","36.4%","87.8","16.2","4.8%","37.1%","-0.7","12859"
"Carlos Asuaje","Padres",".085",".243","1.02",".255","59","26.8%","67.8%","46.0%","66.7%","89.5%","82.4%","8.1%","42.2%","29.9%","27.9%","19.7%","44.9%","35.4%","87.0","15.4","3.4%","24.5%","-0.7","15197"
"Jose Reyes","Mets",".132",".211","1.19",".255","61","26.9%","67.5%","45.1%","72.0%","89.8%","83.9%","7.2%","42.6%","33.2%","24.2%","27.4%","46.3%","26.3%","85.4","12.7","1.6%","23.7%","-0.9","1736"
"Hunter Pence","Giants",".106",".282","1.71",".254","60","38.0%","73.8%","53.1%","55.9%","80.6%","70.3%","15.8%","33.1%","36.5%","30.3%","24.7%","44.9%","30.3%","88.0","5.7","5.1%","33.1%","-0.8","8252"
"Gregor Blanco","Giants",".101",".300","1.38",".254","59","25.6%","61.8%","42.8%","65.5%","84.1%","78.2%","9.3%","30.8%","33.1%","36.1%","18.8%","51.9%","29.3%","84.6","15.1","3.8%","23.3%","-0.7","3123"
"Orlando Arcia","Brewers",".072",".305","2.18",".253","54","38.3%","70.4%","52.6%","56.3%","83.7%","72.6%","14.4%","32.7%","44.9%","22.4%","26.2%","48.3%","25.5%","86.3","4.0","1.9%","28.9%","-0.4","13185"
"Luis Valbuena","Angels",".135",".277","0.82",".253","58","32.7%","68.5%","48.0%","56.7%","76.6%","68.9%","15.0%","45.2%","27.4%","27.4%","16.1%","46.4%","37.5%","89.7","18.2","9.5%","40.5%","-0.9","4969"
"Caleb Joseph","Orioles",".102",".282","1.05",".251","53","37.0%","69.2%","51.2%","60.4%","87.7%","76.7%","11.9%","38.2%","33.2%","28.6%","15.6%","60.3%","24.1%","85.2","12.8","1.0%","29.1%","-0.4","7087"
"Rajai Davis","Indians",".056",".291","1.50",".251","50","35.4%","74.4%","52.1%","58.1%","88.9%","77.0%","12.0%","29.4%","37.9%","32.7%","30.7%","42.5%","26.8%","84.2","9.6","1.3%","26.8%","-0.2","3708"
"Chris Owings","Diamondbacks",".096",".265","1.03",".250","52","35.0%","69.2%","50.0%","62.3%","85.9%","76.6%","11.7%","37.0%","33.2%","29.8%","17.8%","43.3%","38.9%","87.8","13.4","5.3%","33.7%","-0.7","10030"
"Lewis Brinson","Marlins",".139",".257","1.66",".248","56","37.5%","72.3%","52.8%","53.8%","76.4%","67.4%","17.2%","44.7%","36.7%","18.6%","18.9%","42.4%","38.6%","89.5","7.5","8.7%","38.9%","-1.0","14352"
"Jarrod Dyson","Diamondbacks",".068",".216","1.48",".244","48","23.4%","58.9%","39.6%","74.5%","89.7%","84.9%","6.0%","39.8%","36.9%","23.3%","21.0%","56.3%","22.7%","85.3","11.0","1.7%","19.3%","0.3","4866"
"Dixon Machado","Tigers",".084",".249","1.35",".244","49","27.9%","64.1%","44.7%","63.8%","90.5%","81.6%","8.2%","43.4%","35.4%","21.1%","16.0%","52.0%","32.0%","85.7","11.0","3.4%","25.7%","-0.1","11472"
"Jeff Mathis","Diamondbacks",".072",".292","0.96",".243","48","27.0%","67.4%","43.9%","52.6%","79.8%","70.1%","13.1%","43.9%","33.3%","22.7%","15.9%","43.9%","40.2%","87.6","15.4","2.3%","33.3%","0.9","3448"
"Christian Vazquez","Red Sox",".076",".237","1.17",".240","42","34.7%","66.9%","48.9%","75.0%","94.6%","86.9%","6.4%","33.2%","31.8%","35.1%","18.0%","54.5%","27.5%","87.4","13.0","1.9%","28.4%","0.2","9774"
"Chris Davis","Orioles",".128",".237","1.01",".239","44","29.9%","65.0%","45.1%","52.3%","78.3%","68.5%","14.2%","40.8%","32.3%","27.0%","13.1%","50.7%","36.2%","89.3","15.1","9.6%","40.1%","-3.2","9272"
"Roberto Perez","Indians",".095",".257","1.39",".236","40","22.1%","61.7%","39.5%","49.5%","79.6%","70.2%","11.8%","33.1%","43.2%","23.7%","14.4%","44.9%","40.7%","90.8","8.3","5.1%","41.5%","0.0","2900"
"Victor Reyes","Tigers",".066",".277","2.13",".229","38","47.2%","73.9%","58.6%","76.9%","85.7%","81.6%","10.8%","33.9%","33.3%","32.7%","19.6%","45.8%","34.5%","85.4","6.2","1.8%","26.2%","-1.0","15487"
"Sandy Leon","Red Sox",".102",".226","1.00",".227","34","35.0%","64.0%","46.8%","68.5%","86.4%","78.5%","10.1%","44.6%","33.2%","22.3%","21.8%","51.8%","26.4%","84.7","17.0","4.6%","25.8%","0.4","5273"
"Pedro Severino","Nationals",".079",".211","1.06",".221","31","32.8%","68.0%","48.5%","70.0%","84.9%","79.3%","10.0%","48.6%","32.6%","18.8%","22.9%","54.9%","22.2%","83.8","14.3","2.1%","19.4%","-0.7","14523"
